"No.","Time","Protocol","Source","Destination","Length","Info"
"1","0.000000","ARP","00:0c:29:7b:a8:da","ff:ff:ff:ff:ff:ff","42","Who has 172.16.253.254? Tell 172.16.253.129"
"2","0.000193","ARP","00:50:56:e7:50:95","00:0c:29:7b:a8:da","60","172.16.253.254 is at 00:50:56:e7:50:95"
"3","0.000204","DHCP","00:0c:29:7b:a8:da","00:50:56:e7:50:95","343","DHCP Request  - Transaction ID 0xa379aeca"
"4","0.001525","DHCP","00:50:56:e7:50:95","00:0c:29:7b:a8:da","342","DHCP ACK      - Transaction ID 0xa379aeca"
"5","16.384615","IGMPv3","00:0c:29:7b:a8:da","01:00:5e:00:00:16","54","Membership Report / Leave group 239.255.255.250"
"6","16.571901","IGMPv3","00:0c:29:7b:a8:da","01:00:5e:00:00:16","54","Membership Report / Join group 239.255.255.250 for any sources"
"7","17.406632","IGMPv3","00:0c:29:7b:a8:da","01:00:5e:00:00:16","54","Membership Report / Leave group 239.255.255.250"
"8","17.423735","IGMPv3","00:0c:29:7b:a8:da","01:00:5e:00:00:16","54","Membership Report / Join group 239.255.255.250 for any sources"
"9","17.977730","IGMPv3","00:0c:29:7b:a8:da","01:00:5e:00:00:16","54","Membership Report / Join group 239.255.255.250 for any sources"
"10","20.841272","DHCP","00:0c:29:7b:a8:da","ff:ff:ff:ff:ff:ff","342","DHCP Discover - Transaction ID 0x171ae510"
"11","20.842268","ICMP","00:50:56:e0:a7:8a","ff:ff:ff:ff:ff:ff","62","Echo (ping) request  id=0xf9f8, seq=0/0, ttl=16 (no response found!)"
"12","20.842275","ICMP","00:50:56:f2:7a:09","00:0c:29:7b:a8:da","62","Echo (ping) request  id=0xf9f8, seq=0/0, ttl=128 (no response found!)"
"13","21.704449","DHCP","00:50:56:e0:a7:8a","00:0c:29:7b:a8:da","342","DHCP Offer    - Transaction ID 0x171ae510"
"14","21.705020","DHCP","00:0c:29:7b:a8:da","ff:ff:ff:ff:ff:ff","355","DHCP Request  - Transaction ID 0x171ae510"
"15","21.708975","DHCP","00:50:56:e0:a7:8a","00:0c:29:7b:a8:da","342","DHCP ACK      - Transaction ID 0x171ae510"
"16","21.722586","ARP","00:0c:29:7b:a8:da","ff:ff:ff:ff:ff:ff","42","Gratuitous ARP for 172.16.253.129 (Request)"
"17","21.977150","ARP","00:0c:29:7b:a8:da","ff:ff:ff:ff:ff:ff","42","Gratuitous ARP for 172.16.253.129 (Request)"
"18","22.978029","ARP","00:0c:29:7b:a8:da","ff:ff:ff:ff:ff:ff","42","Gratuitous ARP for 172.16.253.129 (Request)"
"19","24.047693","IGMPv3","00:0c:29:7b:a8:da","01:00:5e:00:00:16","54","Membership Report / Join group 239.255.255.250 for any sources"
"20","24.977440","IGMPv3","00:0c:29:7b:a8:da","01:00:5e:00:00:16","54","Membership Report / Join group 239.255.255.250 for any sources"
"21","136.082120","ARP","00:0c:29:7b:a8:da","ff:ff:ff:ff:ff:ff","42","Who has 172.16.253.2? Tell 172.16.253.129"
"22","136.082334","ARP","00:50:56:f2:7a:09","00:0c:29:7b:a8:da","60","172.16.253.2 is at 00:50:56:f2:7a:09"
"23","136.082346","DNS","00:0c:29:7b:a8:da","00:50:56:f2:7a:09","83","Standard query 0x6cb1 A sa.foundcloudsearch.com"
"24","136.082407","DNS","00:0c:29:7b:a8:da","00:50:56:f2:7a:09","83","Standard query 0x6cb1 A sa.foundcloudsearch.com"
"25","136.196455","DNS","00:50:56:f2:7a:09","00:0c:29:7b:a8:da","99","Standard query response 0x6cb1 A sa.foundcloudsearch.com A 192.200.99.194"
"26","136.198239","DNS","00:50:56:f2:7a:09","00:0c:29:7b:a8:da","99","Standard query response 0x6cb1 A sa.foundcloudsearch.com A 192.200.99.194"
"27","136.198999","TCP","00:0c:29:7b:a8:da","00:50:56:f2:7a:09","62","1044  >  80 [SYN] Seq=0 Win=64240 Len=0 MSS=1460 SACK_PERM=1"
"28","136.671748","TCP","00:50:56:f2:7a:09","00:0c:29:7b:a8:da","60","80  >  1044 [SYN, ACK] Seq=0 Ack=1 Win=64240 Len=0 MSS=1460"
"29","136.671825","TCP","00:0c:29:7b:a8:da","00:50:56:f2:7a:09","54","1044  >  80 [ACK] Seq=1 Ack=1 Win=64240 Len=0"
"30","136.672022","TCP","00:0c:29:7b:a8:da","00:50:56:f2:7a:09","67","1044  >  80 [PSH, ACK] Seq=1 Ack=1 Win=64240 Len=13"
"31","136.672135","TCP","00:50:56:f2:7a:09","00:0c:29:7b:a8:da","60","80  >  1044 [ACK] Seq=1 Ack=14 Win=64240 Len=0"
"32","138.847492","TCP","00:50:56:f2:7a:09","00:0c:29:7b:a8:da","1109","80  >  1044 [PSH, ACK] Seq=1 Ack=14 Win=64240 Len=1055"
"33","138.849389","TCP","00:0c:29:7b:a8:da","00:50:56:f2:7a:09","85","1044  >  80 [PSH, ACK] Seq=14 Ack=1056 Win=63185 Len=31"
"34","138.849578","TCP","00:50:56:f2:7a:09","00:0c:29:7b:a8:da","60","80  >  1044 [ACK] Seq=1056 Ack=45 Win=64240 Len=0"
"35","141.317058","TCP","00:50:56:f2:7a:09","00:0c:29:7b:a8:da","60","80  >  1070 [RST, ACK] Seq=1 Ack=1 Win=64240 Len=0"
"36","143.141312","TCP","00:50:56:f2:7a:09","00:0c:29:7b:a8:da","1109","80  >  1044 [PSH, ACK] Seq=1056 Ack=45 Win=64240 Len=1055"
"37","143.142843","TCP","00:0c:29:7b:a8:da","00:50:56:f2:7a:09","85","1044  >  80 [PSH, ACK] Seq=45 Ack=2111 Win=64240 Len=31"
"38","143.143056","TCP","00:50:56:f2:7a:09","00:0c:29:7b:a8:da","60","80  >  1044 [ACK] Seq=2111 Ack=76 Win=64240 Len=0"
"39","143.648710","TCP","00:50:56:f2:7a:09","00:0c:29:7b:a8:da","1109","80  >  1044 [PSH, ACK] Seq=2111 Ack=76 Win=64240 Len=1055"
"40","143.650303","TCP","00:0c:29:7b:a8:da","00:50:56:f2:7a:09","85","1044  >  80 [PSH, ACK] Seq=76 Ack=3166 Win=63185 Len=31"
"41","143.650441","TCP","00:50:56:f2:7a:09","00:0c:29:7b:a8:da","60","80  >  1044 [ACK] Seq=3166 Ack=107 Win=64240 Len=0"
"42","144.068248","TCP","00:50:56:f2:7a:09","00:0c:29:7b:a8:da","1109","80  >  1044 [PSH, ACK] Seq=3166 Ack=107 Win=64240 Len=1055"
"43","144.069675","TCP","00:0c:29:7b:a8:da","00:50:56:f2:7a:09","85","1044  >  80 [PSH, ACK] Seq=107 Ack=4221 Win=64240 Len=31"
"44","144.069816","TCP","00:50:56:f2:7a:09","00:0c:29:7b:a8:da","60","80  >  1044 [ACK] Seq=4221 Ack=138 Win=64240 Len=0"
"45","144.621673","TCP","00:50:56:f2:7a:09","00:0c:29:7b:a8:da","1109","80  >  1044 [PSH, ACK] Seq=4221 Ack=138 Win=64240 Len=1055"
"46","144.623475","TCP","00:0c:29:7b:a8:da","00:50:56:f2:7a:09","85","1044  >  80 [PSH, ACK] Seq=138 Ack=5276 Win=63185 Len=31"
"47","144.623677","TCP","00:50:56:f2:7a:09","00:0c:29:7b:a8:da","60","80  >  1044 [ACK] Seq=5276 Ack=169 Win=64240 Len=0"
"48","145.082908","TCP","00:50:56:f2:7a:09","00:0c:29:7b:a8:da","1109","80  >  1044 [PSH, ACK] Seq=5276 Ack=169 Win=64240 Len=1055"
"49","145.084340","TCP","00:0c:29:7b:a8:da","00:50:56:f2:7a:09","85","1044  >  80 [PSH, ACK] Seq=169 Ack=6331 Win=64240 Len=31"
"50","145.084482","TCP","00:50:56:f2:7a:09","00:0c:29:7b:a8:da","60","80  >  1044 [ACK] Seq=6331 Ack=200 Win=64240 Len=0"
"51","145.605936","TCP","00:50:56:f2:7a:09","00:0c:29:7b:a8:da","1109","80  >  1044 [PSH, ACK] Seq=6331 Ack=200 Win=64240 Len=1055"
"52","145.607437","TCP","00:0c:29:7b:a8:da","00:50:56:f2:7a:09","85","1044  >  80 [PSH, ACK] Seq=200 Ack=7386 Win=63185 Len=31"
"53","145.607595","TCP","00:50:56:f2:7a:09","00:0c:29:7b:a8:da","60","80  >  1044 [ACK] Seq=7386 Ack=231 Win=64240 Len=0"
"54","146.106032","TCP","00:50:56:f2:7a:09","00:0c:29:7b:a8:da","1109","80  >  1044 [PSH, ACK] Seq=7386 Ack=231 Win=64240 Len=1055"
"55","146.107509","TCP","00:0c:29:7b:a8:da","00:50:56:f2:7a:09","85","1044  >  80 [PSH, ACK] Seq=231 Ack=8441 Win=64240 Len=31"
"56","146.107698","TCP","00:50:56:f2:7a:09","00:0c:29:7b:a8:da","60","80  >  1044 [ACK] Seq=8441 Ack=262 Win=64240 Len=0"
"57","146.623262","TCP","00:50:56:f2:7a:09","00:0c:29:7b:a8:da","1109","80  >  1044 [PSH, ACK] Seq=8441 Ack=262 Win=64240 Len=1055"
"58","146.625322","TCP","00:0c:29:7b:a8:da","00:50:56:f2:7a:09","85","1044  >  80 [PSH, ACK] Seq=262 Ack=9496 Win=63185 Len=31"
"59","146.625546","TCP","00:50:56:f2:7a:09","00:0c:29:7b:a8:da","60","80  >  1044 [ACK] Seq=9496 Ack=293 Win=64240 Len=0"
"60","147.209022","TCP","00:50:56:f2:7a:09","00:0c:29:7b:a8:da","1109","80  >  1044 [PSH, ACK] Seq=9496 Ack=293 Win=64240 Len=1055"
"61","147.210576","TCP","00:0c:29:7b:a8:da","00:50:56:f2:7a:09","85","1044  >  80 [PSH, ACK] Seq=293 Ack=10551 Win=64240 Len=31"
"62","147.210756","TCP","00:50:56:f2:7a:09","00:0c:29:7b:a8:da","60","80  >  1044 [ACK] Seq=10551 Ack=324 Win=64240 Len=0"
"63","147.643879","TCP","00:50:56:f2:7a:09","00:0c:29:7b:a8:da","1109","80  >  1044 [PSH, ACK] Seq=10551 Ack=324 Win=64240 Len=1055"
"64","147.645397","TCP","00:0c:29:7b:a8:da","00:50:56:f2:7a:09","85","1044  >  80 [PSH, ACK] Seq=324 Ack=11606 Win=63185 Len=31"
"65","147.645676","TCP","00:50:56:f2:7a:09","00:0c:29:7b:a8:da","60","80  >  1044 [ACK] Seq=11606 Ack=355 Win=64240 Len=0"
"66","148.002450","TCP","00:50:56:f2:7a:09","00:0c:29:7b:a8:da","1109","80  >  1044 [PSH, ACK] Seq=11606 Ack=355 Win=64240 Len=1055"
"67","148.004006","TCP","00:0c:29:7b:a8:da","00:50:56:f2:7a:09","85","1044  >  80 [PSH, ACK] Seq=355 Ack=12661 Win=64240 Len=31"
"68","148.004166","TCP","00:50:56:f2:7a:09","00:0c:29:7b:a8:da","60","80  >  1044 [ACK] Seq=12661 Ack=386 Win=64240 Len=0"
"69","148.366856","TCP","00:50:56:f2:7a:09","00:0c:29:7b:a8:da","1109","80  >  1044 [PSH, ACK] Seq=12661 Ack=386 Win=64240 Len=1055"
"70","148.369151","TCP","00:0c:29:7b:a8:da","00:50:56:f2:7a:09","85","1044  >  80 [PSH, ACK] Seq=386 Ack=13716 Win=63185 Len=31"
"71","148.369462","TCP","00:50:56:f2:7a:09","00:0c:29:7b:a8:da","60","80  >  1044 [ACK] Seq=13716 Ack=417 Win=64240 Len=0"
"72","148.769028","TCP","00:50:56:f2:7a:09","00:0c:29:7b:a8:da","1109","80  >  1044 [PSH, ACK] Seq=13716 Ack=417 Win=64240 Len=1055"
"73","148.771117","TCP","00:0c:29:7b:a8:da","00:50:56:f2:7a:09","85","1044  >  80 [PSH, ACK] Seq=417 Ack=14771 Win=64240 Len=31"
"74","148.771300","TCP","00:50:56:f2:7a:09","00:0c:29:7b:a8:da","60","80  >  1044 [ACK] Seq=14771 Ack=448 Win=64240 Len=0"
"75","149.180071","TCP","00:50:56:f2:7a:09","00:0c:29:7b:a8:da","1109","80  >  1044 [PSH, ACK] Seq=14771 Ack=448 Win=64240 Len=1055"
"76","149.181878","TCP","00:0c:29:7b:a8:da","00:50:56:f2:7a:09","85","1044  >  80 [PSH, ACK] Seq=448 Ack=15826 Win=63185 Len=31"
"77","149.182098","TCP","00:50:56:f2:7a:09","00:0c:29:7b:a8:da","60","80  >  1044 [ACK] Seq=15826 Ack=479 Win=64240 Len=0"
"78","149.588574","TCP","00:50:56:f2:7a:09","00:0c:29:7b:a8:da","1109","80  >  1044 [PSH, ACK] Seq=15826 Ack=479 Win=64240 Len=1055"
"79","149.590102","TCP","00:0c:29:7b:a8:da","00:50:56:f2:7a:09","85","1044  >  80 [PSH, ACK] Seq=479 Ack=16881 Win=64240 Len=31"
"80","149.590259","TCP","00:50:56:f2:7a:09","00:0c:29:7b:a8:da","60","80  >  1044 [ACK] Seq=16881 Ack=510 Win=64240 Len=0"
"81","150.098607","TCP","00:50:56:f2:7a:09","00:0c:29:7b:a8:da","1109","80  >  1044 [PSH, ACK] Seq=16881 Ack=510 Win=64240 Len=1055"
"82","150.100397","TCP","00:0c:29:7b:a8:da","00:50:56:f2:7a:09","85","1044  >  80 [PSH, ACK] Seq=510 Ack=17936 Win=63185 Len=31"
"83","150.100634","TCP","00:50:56:f2:7a:09","00:0c:29:7b:a8:da","60","80  >  1044 [ACK] Seq=17936 Ack=541 Win=64240 Len=0"
"84","150.623801","TCP","00:50:56:f2:7a:09","00:0c:29:7b:a8:da","1109","80  >  1044 [PSH, ACK] Seq=17936 Ack=541 Win=64240 Len=1055"
"85","150.625727","TCP","00:0c:29:7b:a8:da","00:50:56:f2:7a:09","85","1044  >  80 [PSH, ACK] Seq=541 Ack=18991 Win=64240 Len=31"
"86","150.625922","TCP","00:50:56:f2:7a:09","00:0c:29:7b:a8:da","60","80  >  1044 [ACK] Seq=18991 Ack=572 Win=64240 Len=0"
"87","151.169517","TCP","00:50:56:f2:7a:09","00:0c:29:7b:a8:da","1109","80  >  1044 [PSH, ACK] Seq=18991 Ack=572 Win=64240 Len=1055"
"88","151.171093","TCP","00:0c:29:7b:a8:da","00:50:56:f2:7a:09","85","1044  >  80 [PSH, ACK] Seq=572 Ack=20046 Win=63185 Len=31"
"89","151.171321","TCP","00:50:56:f2:7a:09","00:0c:29:7b:a8:da","60","80  >  1044 [ACK] Seq=20046 Ack=603 Win=64240 Len=0"
"90","151.654840","TCP","00:50:56:f2:7a:09","00:0c:29:7b:a8:da","1109","80  >  1044 [PSH, ACK] Seq=20046 Ack=603 Win=64240 Len=1055"
"91","151.656529","TCP","00:0c:29:7b:a8:da","00:50:56:f2:7a:09","85","1044  >  80 [PSH, ACK] Seq=603 Ack=21101 Win=64240 Len=31"
"92","151.656708","TCP","00:50:56:f2:7a:09","00:0c:29:7b:a8:da","60","80  >  1044 [ACK] Seq=21101 Ack=634 Win=64240 Len=0"
"93","152.169009","TCP","00:50:56:f2:7a:09","00:0c:29:7b:a8:da","1109","80  >  1044 [PSH, ACK] Seq=21101 Ack=634 Win=64240 Len=1055"
"94","152.170770","TCP","00:0c:29:7b:a8:da","00:50:56:f2:7a:09","85","1044  >  80 [PSH, ACK] Seq=634 Ack=22156 Win=63185 Len=31"
"95","152.170969","TCP","00:50:56:f2:7a:09","00:0c:29:7b:a8:da","60","80  >  1044 [ACK] Seq=22156 Ack=665 Win=64240 Len=0"
"96","152.661075","TCP","00:50:56:f2:7a:09","00:0c:29:7b:a8:da","1109","80  >  1044 [PSH, ACK] Seq=22156 Ack=665 Win=64240 Len=1055"
"97","152.662623","TCP","00:0c:29:7b:a8:da","00:50:56:f2:7a:09","85","1044  >  80 [PSH, ACK] Seq=665 Ack=23211 Win=64240 Len=31"
"98","152.662773","TCP","00:50:56:f2:7a:09","00:0c:29:7b:a8:da","60","80  >  1044 [ACK] Seq=23211 Ack=696 Win=64240 Len=0"
"99","153.092215","TCP","00:50:56:f2:7a:09","00:0c:29:7b:a8:da","1109","80  >  1044 [PSH, ACK] Seq=23211 Ack=696 Win=64240 Len=1055"
"100","153.093857","TCP","00:0c:29:7b:a8:da","00:50:56:f2:7a:09","85","1044  >  80 [PSH, ACK] Seq=696 Ack=24266 Win=63185 Len=31"
"101","153.094046","TCP","00:50:56:f2:7a:09","00:0c:29:7b:a8:da","60","80  >  1044 [ACK] Seq=24266 Ack=727 Win=64240 Len=0"
"102","153.580955","TCP","00:50:56:f2:7a:09","00:0c:29:7b:a8:da","1109","80  >  1044 [PSH, ACK] Seq=24266 Ack=727 Win=64240 Len=1055"
"103","153.582357","TCP","00:0c:29:7b:a8:da","00:50:56:f2:7a:09","85","1044  >  80 [PSH, ACK] Seq=727 Ack=25321 Win=64240 Len=31"
"104","153.582488","TCP","00:50:56:f2:7a:09","00:0c:29:7b:a8:da","60","80  >  1044 [ACK] Seq=25321 Ack=758 Win=64240 Len=0"
"105","154.092980","TCP","00:50:56:f2:7a:09","00:0c:29:7b:a8:da","1109","80  >  1044 [PSH, ACK] Seq=25321 Ack=758 Win=64240 Len=1055"
"106","154.094528","TCP","00:0c:29:7b:a8:da","00:50:56:f2:7a:09","85","1044  >  80 [PSH, ACK] Seq=758 Ack=26376 Win=63185 Len=31"
"107","154.094697","TCP","00:50:56:f2:7a:09","00:0c:29:7b:a8:da","60","80  >  1044 [ACK] Seq=26376 Ack=789 Win=64240 Len=0"
"108","154.610578","TCP","00:50:56:f2:7a:09","00:0c:29:7b:a8:da","1109","80  >  1044 [PSH, ACK] Seq=26376 Ack=789 Win=64240 Len=1055"
"109","154.611867","TCP","00:0c:29:7b:a8:da","00:50:56:f2:7a:09","85","1044  >  80 [PSH, ACK] Seq=789 Ack=27431 Win=64240 Len=31"
"110","154.611995","TCP","00:50:56:f2:7a:09","00:0c:29:7b:a8:da","60","80  >  1044 [ACK] Seq=27431 Ack=820 Win=64240 Len=0"
"111","155.120348","TCP","00:50:56:f2:7a:09","00:0c:29:7b:a8:da","1109","80  >  1044 [PSH, ACK] Seq=27431 Ack=820 Win=64240 Len=1055"
"112","155.121834","TCP","00:0c:29:7b:a8:da","00:50:56:f2:7a:09","85","1044  >  80 [PSH, ACK] Seq=820 Ack=28486 Win=63185 Len=31"
"113","155.122009","TCP","00:50:56:f2:7a:09","00:0c:29:7b:a8:da","60","80  >  1044 [ACK] Seq=28486 Ack=851 Win=64240 Len=0"
"114","155.641930","TCP","00:50:56:f2:7a:09","00:0c:29:7b:a8:da","1109","80  >  1044 [PSH, ACK] Seq=28486 Ack=851 Win=64240 Len=1055"
"115","155.643100","TCP","00:0c:29:7b:a8:da","00:50:56:f2:7a:09","85","1044  >  80 [PSH, ACK] Seq=851 Ack=29541 Win=64240 Len=31"
"116","155.643215","TCP","00:50:56:f2:7a:09","00:0c:29:7b:a8:da","60","80  >  1044 [ACK] Seq=29541 Ack=882 Win=64240 Len=0"
"117","156.190342","TCP","00:50:56:f2:7a:09","00:0c:29:7b:a8:da","1109","80  >  1044 [PSH, ACK] Seq=29541 Ack=882 Win=64240 Len=1055"
"118","156.191833","TCP","00:0c:29:7b:a8:da","00:50:56:f2:7a:09","85","1044  >  80 [PSH, ACK] Seq=882 Ack=30596 Win=63185 Len=31"
"119","156.191977","TCP","00:50:56:f2:7a:09","00:0c:29:7b:a8:da","60","80  >  1044 [ACK] Seq=30596 Ack=913 Win=64240 Len=0"
"120","156.760655","TCP","00:50:56:f2:7a:09","00:0c:29:7b:a8:da","1109","80  >  1044 [PSH, ACK] Seq=30596 Ack=913 Win=64240 Len=1055"
"121","156.761975","TCP","00:0c:29:7b:a8:da","00:50:56:f2:7a:09","85","1044  >  80 [PSH, ACK] Seq=913 Ack=31651 Win=64240 Len=31"
"122","156.762094","TCP","00:50:56:f2:7a:09","00:0c:29:7b:a8:da","60","80  >  1044 [ACK] Seq=31651 Ack=944 Win=64240 Len=0"
"123","157.369716","TCP","00:50:56:f2:7a:09","00:0c:29:7b:a8:da","1109","80  >  1044 [PSH, ACK] Seq=31651 Ack=944 Win=64240 Len=1055"
"124","157.370932","TCP","00:0c:29:7b:a8:da","00:50:56:f2:7a:09","85","1044  >  80 [PSH, ACK] Seq=944 Ack=32706 Win=63185 Len=31"
"125","157.371087","TCP","00:50:56:f2:7a:09","00:0c:29:7b:a8:da","60","80  >  1044 [ACK] Seq=32706 Ack=975 Win=64240 Len=0"
"126","157.990660","TCP","00:50:56:f2:7a:09","00:0c:29:7b:a8:da","1109","80  >  1044 [PSH, ACK] Seq=32706 Ack=975 Win=64240 Len=1055"
"127","157.991892","TCP","00:0c:29:7b:a8:da","00:50:56:f2:7a:09","85","1044  >  80 [PSH, ACK] Seq=975 Ack=33761 Win=64240 Len=31"
"128","157.992015","TCP","00:50:56:f2:7a:09","00:0c:29:7b:a8:da","60","80  >  1044 [ACK] Seq=33761 Ack=1006 Win=64240 Len=0"
"129","158.494524","TCP","00:50:56:f2:7a:09","00:0c:29:7b:a8:da","1109","80  >  1044 [PSH, ACK] Seq=33761 Ack=1006 Win=64240 Len=1055"
"130","158.495908","TCP","00:0c:29:7b:a8:da","00:50:56:f2:7a:09","85","1044  >  80 [PSH, ACK] Seq=1006 Ack=34816 Win=63185 Len=31"
"131","158.496068","TCP","00:50:56:f2:7a:09","00:0c:29:7b:a8:da","60","80  >  1044 [ACK] Seq=34816 Ack=1037 Win=64240 Len=0"
"132","159.039359","TCP","00:50:56:f2:7a:09","00:0c:29:7b:a8:da","1109","80  >  1044 [PSH, ACK] Seq=34816 Ack=1037 Win=64240 Len=1055"
"133","159.040612","TCP","00:0c:29:7b:a8:da","00:50:56:f2:7a:09","85","1044  >  80 [PSH, ACK] Seq=1037 Ack=35871 Win=64240 Len=31"
"134","159.040785","TCP","00:50:56:f2:7a:09","00:0c:29:7b:a8:da","60","80  >  1044 [ACK] Seq=35871 Ack=1068 Win=64240 Len=0"
"135","159.532775","TCP","00:50:56:f2:7a:09","00:0c:29:7b:a8:da","1109","80  >  1044 [PSH, ACK] Seq=35871 Ack=1068 Win=64240 Len=1055"
"136","159.534092","TCP","00:0c:29:7b:a8:da","00:50:56:f2:7a:09","85","1044  >  80 [PSH, ACK] Seq=1068 Ack=36926 Win=63185 Len=31"
"137","159.534254","TCP","00:50:56:f2:7a:09","00:0c:29:7b:a8:da","60","80  >  1044 [ACK] Seq=36926 Ack=1099 Win=64240 Len=0"
"138","160.172307","TCP","00:50:56:f2:7a:09","00:0c:29:7b:a8:da","1109","80  >  1044 [PSH, ACK] Seq=36926 Ack=1099 Win=64240 Len=1055"
"139","160.173681","TCP","00:0c:29:7b:a8:da","00:50:56:f2:7a:09","85","1044  >  80 [PSH, ACK] Seq=1099 Ack=37981 Win=64240 Len=31"
"140","160.173859","TCP","00:50:56:f2:7a:09","00:0c:29:7b:a8:da","60","80  >  1044 [ACK] Seq=37981 Ack=1130 Win=64240 Len=0"
"141","160.668350","TCP","00:50:56:f2:7a:09","00:0c:29:7b:a8:da","1109","80  >  1044 [PSH, ACK] Seq=37981 Ack=1130 Win=64240 Len=1055"
"142","160.669816","TCP","00:0c:29:7b:a8:da","00:50:56:f2:7a:09","85","1044  >  80 [PSH, ACK] Seq=1130 Ack=39036 Win=63185 Len=31"
"143","160.669961","TCP","00:50:56:f2:7a:09","00:0c:29:7b:a8:da","60","80  >  1044 [ACK] Seq=39036 Ack=1161 Win=64240 Len=0"
"144","161.158803","TCP","00:50:56:f2:7a:09","00:0c:29:7b:a8:da","1109","80  >  1044 [PSH, ACK] Seq=39036 Ack=1161 Win=64240 Len=1055"
"145","161.160274","TCP","00:0c:29:7b:a8:da","00:50:56:f2:7a:09","85","1044  >  80 [PSH, ACK] Seq=1161 Ack=40091 Win=64240 Len=31"
"146","161.160421","TCP","00:50:56:f2:7a:09","00:0c:29:7b:a8:da","60","80  >  1044 [ACK] Seq=40091 Ack=1192 Win=64240 Len=0"
"147","161.774597","TCP","00:50:56:f2:7a:09","00:0c:29:7b:a8:da","1109","80  >  1044 [PSH, ACK] Seq=40091 Ack=1192 Win=64240 Len=1055"
"148","161.775918","TCP","00:0c:29:7b:a8:da","00:50:56:f2:7a:09","85","1044  >  80 [PSH, ACK] Seq=1192 Ack=41146 Win=63185 Len=31"
"149","161.776086","TCP","00:50:56:f2:7a:09","00:0c:29:7b:a8:da","60","80  >  1044 [ACK] Seq=41146 Ack=1223 Win=64240 Len=0"
"150","162.330405","TCP","00:50:56:f2:7a:09","00:0c:29:7b:a8:da","1109","80  >  1044 [PSH, ACK] Seq=41146 Ack=1223 Win=64240 Len=1055"
"151","162.331719","TCP","00:0c:29:7b:a8:da","00:50:56:f2:7a:09","85","1044  >  80 [PSH, ACK] Seq=1223 Ack=42201 Win=64240 Len=31"
"152","162.331836","TCP","00:50:56:f2:7a:09","00:0c:29:7b:a8:da","60","80  >  1044 [ACK] Seq=42201 Ack=1254 Win=64240 Len=0"
"153","162.901522","TCP","00:50:56:f2:7a:09","00:0c:29:7b:a8:da","1109","80  >  1044 [PSH, ACK] Seq=42201 Ack=1254 Win=64240 Len=1055"
"154","162.903057","TCP","00:0c:29:7b:a8:da","00:50:56:f2:7a:09","85","1044  >  80 [PSH, ACK] Seq=1254 Ack=43256 Win=63185 Len=31"
"155","162.903304","TCP","00:50:56:f2:7a:09","00:0c:29:7b:a8:da","60","80  >  1044 [ACK] Seq=43256 Ack=1285 Win=64240 Len=0"
"156","163.523508","TCP","00:50:56:f2:7a:09","00:0c:29:7b:a8:da","1109","80  >  1044 [PSH, ACK] Seq=43256 Ack=1285 Win=64240 Len=1055"
"157","163.523553","TCP","00:0c:29:7b:a8:da","00:50:56:f2:7a:09","85","1044  >  80 [PSH, ACK] Seq=1285 Ack=44311 Win=64240 Len=31"
"158","163.525072","TCP","00:50:56:f2:7a:09","00:0c:29:7b:a8:da","60","80  >  1044 [ACK] Seq=44311 Ack=1316 Win=64240 Len=0"
"159","164.188346","TCP","00:50:56:f2:7a:09","00:0c:29:7b:a8:da","1109","80  >  1044 [PSH, ACK] Seq=44311 Ack=1316 Win=64240 Len=1055"
"160","164.189986","TCP","00:0c:29:7b:a8:da","00:50:56:f2:7a:09","85","1044  >  80 [PSH, ACK] Seq=1316 Ack=45366 Win=63185 Len=31"
"161","164.190190","TCP","00:50:56:f2:7a:09","00:0c:29:7b:a8:da","60","80  >  1044 [ACK] Seq=45366 Ack=1347 Win=64240 Len=0"
"162","164.824419","TCP","00:50:56:f2:7a:09","00:0c:29:7b:a8:da","1109","80  >  1044 [PSH, ACK] Seq=45366 Ack=1347 Win=64240 Len=1055"
"163","164.826051","TCP","00:0c:29:7b:a8:da","00:50:56:f2:7a:09","85","1044  >  80 [PSH, ACK] Seq=1347 Ack=46421 Win=64240 Len=31"
"164","164.826208","TCP","00:50:56:f2:7a:09","00:0c:29:7b:a8:da","60","80  >  1044 [ACK] Seq=46421 Ack=1378 Win=64240 Len=0"
"165","165.377077","TCP","00:50:56:f2:7a:09","00:0c:29:7b:a8:da","1109","80  >  1044 [PSH, ACK] Seq=46421 Ack=1378 Win=64240 Len=1055"
"166","165.378655","TCP","00:0c:29:7b:a8:da","00:50:56:f2:7a:09","85","1044  >  80 [PSH, ACK] Seq=1378 Ack=47476 Win=63185 Len=31"
"167","165.378819","TCP","00:50:56:f2:7a:09","00:0c:29:7b:a8:da","60","80  >  1044 [ACK] Seq=47476 Ack=1409 Win=64240 Len=0"
"168","165.874823","TCP","00:50:56:f2:7a:09","00:0c:29:7b:a8:da","1109","80  >  1044 [PSH, ACK] Seq=47476 Ack=1409 Win=64240 Len=1055"
"169","165.876360","TCP","00:0c:29:7b:a8:da","00:50:56:f2:7a:09","85","1044  >  80 [PSH, ACK] Seq=1409 Ack=48531 Win=64240 Len=31"
"170","165.876562","TCP","00:50:56:f2:7a:09","00:0c:29:7b:a8:da","60","80  >  1044 [ACK] Seq=48531 Ack=1440 Win=64240 Len=0"
"171","166.495680","TCP","00:50:56:f2:7a:09","00:0c:29:7b:a8:da","1109","80  >  1044 [PSH, ACK] Seq=48531 Ack=1440 Win=64240 Len=1055"
"172","166.496995","TCP","00:0c:29:7b:a8:da","00:50:56:f2:7a:09","85","1044  >  80 [PSH, ACK] Seq=1440 Ack=49586 Win=63185 Len=31"
"173","166.497130","TCP","00:50:56:f2:7a:09","00:0c:29:7b:a8:da","60","80  >  1044 [ACK] Seq=49586 Ack=1471 Win=64240 Len=0"
"174","167.103882","TCP","00:50:56:f2:7a:09","00:0c:29:7b:a8:da","1109","80  >  1044 [PSH, ACK] Seq=49586 Ack=1471 Win=64240 Len=1055"
"175","167.105255","TCP","00:0c:29:7b:a8:da","00:50:56:f2:7a:09","85","1044  >  80 [PSH, ACK] Seq=1471 Ack=50641 Win=64240 Len=31"
"176","167.105391","TCP","00:50:56:f2:7a:09","00:0c:29:7b:a8:da","60","80  >  1044 [ACK] Seq=50641 Ack=1502 Win=64240 Len=0"
"177","167.801097","TCP","00:50:56:f2:7a:09","00:0c:29:7b:a8:da","1109","80  >  1044 [PSH, ACK] Seq=50641 Ack=1502 Win=64240 Len=1055"
"178","167.802900","TCP","00:0c:29:7b:a8:da","00:50:56:f2:7a:09","85","1044  >  80 [PSH, ACK] Seq=1502 Ack=51696 Win=63185 Len=31"
"179","167.803070","TCP","00:50:56:f2:7a:09","00:0c:29:7b:a8:da","60","80  >  1044 [ACK] Seq=51696 Ack=1533 Win=64240 Len=0"
"180","168.337276","TCP","00:50:56:f2:7a:09","00:0c:29:7b:a8:da","1109","80  >  1044 [PSH, ACK] Seq=51696 Ack=1533 Win=64240 Len=1055"
"181","168.338524","TCP","00:0c:29:7b:a8:da","00:50:56:f2:7a:09","85","1044  >  80 [PSH, ACK] Seq=1533 Ack=52751 Win=64240 Len=31"
"182","168.338646","TCP","00:50:56:f2:7a:09","00:0c:29:7b:a8:da","60","80  >  1044 [ACK] Seq=52751 Ack=1564 Win=64240 Len=0"
"183","168.855192","TCP","00:50:56:f2:7a:09","00:0c:29:7b:a8:da","1109","80  >  1044 [PSH, ACK] Seq=52751 Ack=1564 Win=64240 Len=1055"
"184","168.856756","TCP","00:0c:29:7b:a8:da","00:50:56:f2:7a:09","85","1044  >  80 [PSH, ACK] Seq=1564 Ack=53806 Win=63185 Len=31"
"185","168.856902","TCP","00:50:56:f2:7a:09","00:0c:29:7b:a8:da","60","80  >  1044 [ACK] Seq=53806 Ack=1595 Win=64240 Len=0"
"186","169.356370","TCP","00:50:56:f2:7a:09","00:0c:29:7b:a8:da","1109","80  >  1044 [PSH, ACK] Seq=53806 Ack=1595 Win=64240 Len=1055"
"187","169.357625","TCP","00:0c:29:7b:a8:da","00:50:56:f2:7a:09","85","1044  >  80 [PSH, ACK] Seq=1595 Ack=54861 Win=64240 Len=31"
"188","169.357772","TCP","00:50:56:f2:7a:09","00:0c:29:7b:a8:da","60","80  >  1044 [ACK] Seq=54861 Ack=1626 Win=64240 Len=0"
"189","169.974138","TCP","00:50:56:f2:7a:09","00:0c:29:7b:a8:da","1109","80  >  1044 [PSH, ACK] Seq=54861 Ack=1626 Win=64240 Len=1055"
"190","169.975643","TCP","00:0c:29:7b:a8:da","00:50:56:f2:7a:09","85","1044  >  80 [PSH, ACK] Seq=1626 Ack=55916 Win=63185 Len=31"
"191","169.975765","TCP","00:50:56:f2:7a:09","00:0c:29:7b:a8:da","60","80  >  1044 [ACK] Seq=55916 Ack=1657 Win=64240 Len=0"
"192","170.524332","TCP","00:50:56:f2:7a:09","00:0c:29:7b:a8:da","1109","80  >  1044 [PSH, ACK] Seq=55916 Ack=1657 Win=64240 Len=1055"
"193","170.525604","TCP","00:0c:29:7b:a8:da","00:50:56:f2:7a:09","85","1044  >  80 [PSH, ACK] Seq=1657 Ack=56971 Win=64240 Len=31"
"194","170.525724","TCP","00:50:56:f2:7a:09","00:0c:29:7b:a8:da","60","80  >  1044 [ACK] Seq=56971 Ack=1688 Win=64240 Len=0"
"195","171.127543","TCP","00:50:56:f2:7a:09","00:0c:29:7b:a8:da","1109","80  >  1044 [PSH, ACK] Seq=56971 Ack=1688 Win=64240 Len=1055"
"196","171.128943","TCP","00:0c:29:7b:a8:da","00:50:56:f2:7a:09","85","1044  >  80 [PSH, ACK] Seq=1688 Ack=58026 Win=63185 Len=31"
"197","171.129086","TCP","00:50:56:f2:7a:09","00:0c:29:7b:a8:da","60","80  >  1044 [ACK] Seq=58026 Ack=1719 Win=64240 Len=0"
"198","171.706761","TCP","00:50:56:f2:7a:09","00:0c:29:7b:a8:da","1109","80  >  1044 [PSH, ACK] Seq=58026 Ack=1719 Win=64240 Len=1055"
"199","171.707981","TCP","00:0c:29:7b:a8:da","00:50:56:f2:7a:09","85","1044  >  80 [PSH, ACK] Seq=1719 Ack=59081 Win=64240 Len=31"
"200","171.708102","TCP","00:50:56:f2:7a:09","00:0c:29:7b:a8:da","60","80  >  1044 [ACK] Seq=59081 Ack=1750 Win=64240 Len=0"
"201","172.358452","TCP","00:50:56:f2:7a:09","00:0c:29:7b:a8:da","1109","80  >  1044 [PSH, ACK] Seq=59081 Ack=1750 Win=64240 Len=1055"
"202","172.360046","TCP","00:0c:29:7b:a8:da","00:50:56:f2:7a:09","85","1044  >  80 [PSH, ACK] Seq=1750 Ack=60136 Win=63185 Len=31"
"203","172.360207","TCP","00:50:56:f2:7a:09","00:0c:29:7b:a8:da","60","80  >  1044 [ACK] Seq=60136 Ack=1781 Win=64240 Len=0"
"204","172.936329","TCP","00:50:56:f2:7a:09","00:0c:29:7b:a8:da","1109","80  >  1044 [PSH, ACK] Seq=60136 Ack=1781 Win=64240 Len=1055"
"205","172.937753","TCP","00:0c:29:7b:a8:da","00:50:56:f2:7a:09","85","1044  >  80 [PSH, ACK] Seq=1781 Ack=61191 Win=64240 Len=31"
"206","172.937890","TCP","00:50:56:f2:7a:09","00:0c:29:7b:a8:da","60","80  >  1044 [ACK] Seq=61191 Ack=1812 Win=64240 Len=0"
"207","174.599340","TCP","00:50:56:f2:7a:09","00:0c:29:7b:a8:da","1109","80  >  1044 [PSH, ACK] Seq=61191 Ack=1812 Win=64240 Len=1055"
"208","174.600985","TCP","00:0c:29:7b:a8:da","00:50:56:f2:7a:09","85","1044  >  80 [PSH, ACK] Seq=1812 Ack=62246 Win=63185 Len=31"
"209","174.601155","TCP","00:50:56:f2:7a:09","00:0c:29:7b:a8:da","60","80  >  1044 [ACK] Seq=62246 Ack=1843 Win=64240 Len=0"
"210","175.202810","TCP","00:50:56:f2:7a:09","00:0c:29:7b:a8:da","1109","80  >  1044 [PSH, ACK] Seq=62246 Ack=1843 Win=64240 Len=1055"
"211","175.204633","TCP","00:0c:29:7b:a8:da","00:50:56:f2:7a:09","85","1044  >  80 [PSH, ACK] Seq=1843 Ack=63301 Win=64240 Len=31"
"212","175.204813","TCP","00:50:56:f2:7a:09","00:0c:29:7b:a8:da","60","80  >  1044 [ACK] Seq=63301 Ack=1874 Win=64240 Len=0"
"213","175.798262","TCP","00:50:56:f2:7a:09","00:0c:29:7b:a8:da","1109","80  >  1044 [PSH, ACK] Seq=63301 Ack=1874 Win=64240 Len=1055"
"214","175.800499","TCP","00:0c:29:7b:a8:da","00:50:56:f2:7a:09","85","1044  >  80 [PSH, ACK] Seq=1874 Ack=64356 Win=63185 Len=31"
"215","175.800724","TCP","00:50:56:f2:7a:09","00:0c:29:7b:a8:da","60","80  >  1044 [ACK] Seq=64356 Ack=1905 Win=64240 Len=0"
"216","176.314226","TCP","00:50:56:f2:7a:09","00:0c:29:7b:a8:da","1109","80  >  1044 [PSH, ACK] Seq=64356 Ack=1905 Win=64240 Len=1055"
"217","176.316005","TCP","00:0c:29:7b:a8:da","00:50:56:f2:7a:09","85","1044  >  80 [PSH, ACK] Seq=1905 Ack=65411 Win=64240 Len=31"
"218","176.316168","TCP","00:50:56:f2:7a:09","00:0c:29:7b:a8:da","60","80  >  1044 [ACK] Seq=65411 Ack=1936 Win=64240 Len=0"
"219","176.840073","TCP","00:50:56:f2:7a:09","00:0c:29:7b:a8:da","1109","80  >  1044 [PSH, ACK] Seq=65411 Ack=1936 Win=64240 Len=1055"
"220","176.842277","TCP","00:0c:29:7b:a8:da","00:50:56:f2:7a:09","85","1044  >  80 [PSH, ACK] Seq=1936 Ack=66466 Win=63185 Len=31"
"221","176.842497","TCP","00:50:56:f2:7a:09","00:0c:29:7b:a8:da","60","80  >  1044 [ACK] Seq=66466 Ack=1967 Win=64240 Len=0"
"222","177.386667","TCP","00:50:56:f2:7a:09","00:0c:29:7b:a8:da","1109","80  >  1044 [PSH, ACK] Seq=66466 Ack=1967 Win=64240 Len=1055"
"223","177.388614","TCP","00:0c:29:7b:a8:da","00:50:56:f2:7a:09","85","1044  >  80 [PSH, ACK] Seq=1967 Ack=67521 Win=64240 Len=31"
"224","177.388810","TCP","00:50:56:f2:7a:09","00:0c:29:7b:a8:da","60","80  >  1044 [ACK] Seq=67521 Ack=1998 Win=64240 Len=0"
"225","177.863960","TCP","00:50:56:f2:7a:09","00:0c:29:7b:a8:da","1109","80  >  1044 [PSH, ACK] Seq=67521 Ack=1998 Win=64240 Len=1055"
"226","177.866538","TCP","00:0c:29:7b:a8:da","00:50:56:f2:7a:09","85","1044  >  80 [PSH, ACK] Seq=1998 Ack=68576 Win=63185 Len=31"
"227","177.866789","TCP","00:50:56:f2:7a:09","00:0c:29:7b:a8:da","60","80  >  1044 [ACK] Seq=68576 Ack=2029 Win=64240 Len=0"
"228","178.398578","TCP","00:50:56:f2:7a:09","00:0c:29:7b:a8:da","1109","80  >  1044 [PSH, ACK] Seq=68576 Ack=2029 Win=64240 Len=1055"
"229","178.401841","TCP","00:0c:29:7b:a8:da","00:50:56:f2:7a:09","85","1044  >  80 [PSH, ACK] Seq=2029 Ack=69631 Win=64240 Len=31"
"230","178.402107","TCP","00:50:56:f2:7a:09","00:0c:29:7b:a8:da","60","80  >  1044 [ACK] Seq=69631 Ack=2060 Win=64240 Len=0"
"231","178.935070","TCP","00:50:56:f2:7a:09","00:0c:29:7b:a8:da","1109","80  >  1044 [PSH, ACK] Seq=69631 Ack=2060 Win=64240 Len=1055"
"232","178.937836","TCP","00:0c:29:7b:a8:da","00:50:56:f2:7a:09","85","1044  >  80 [PSH, ACK] Seq=2060 Ack=70686 Win=63185 Len=31"
"233","178.938131","TCP","00:50:56:f2:7a:09","00:0c:29:7b:a8:da","60","80  >  1044 [ACK] Seq=70686 Ack=2091 Win=64240 Len=0"
"234","179.423763","TCP","00:50:56:f2:7a:09","00:0c:29:7b:a8:da","1109","80  >  1044 [PSH, ACK] Seq=70686 Ack=2091 Win=64240 Len=1055"
"235","179.426616","TCP","00:0c:29:7b:a8:da","00:50:56:f2:7a:09","85","1044  >  80 [PSH, ACK] Seq=2091 Ack=71741 Win=64240 Len=31"
"236","179.426920","TCP","00:50:56:f2:7a:09","00:0c:29:7b:a8:da","60","80  >  1044 [ACK] Seq=71741 Ack=2122 Win=64240 Len=0"
"237","179.798973","TCP","00:50:56:f2:7a:09","00:0c:29:7b:a8:da","1109","80  >  1044 [PSH, ACK] Seq=71741 Ack=2122 Win=64240 Len=1055"
"238","179.802707","TCP","00:0c:29:7b:a8:da","00:50:56:f2:7a:09","85","1044  >  80 [PSH, ACK] Seq=2122 Ack=72796 Win=63185 Len=31"
"239","179.803080","TCP","00:50:56:f2:7a:09","00:0c:29:7b:a8:da","60","80  >  1044 [ACK] Seq=72796 Ack=2153 Win=64240 Len=0"
"240","180.218898","TCP","00:50:56:f2:7a:09","00:0c:29:7b:a8:da","1109","80  >  1044 [PSH, ACK] Seq=72796 Ack=2153 Win=64240 Len=1055"
"241","180.222392","TCP","00:0c:29:7b:a8:da","00:50:56:f2:7a:09","85","1044  >  80 [PSH, ACK] Seq=2153 Ack=73851 Win=64240 Len=31"
"242","180.222888","TCP","00:50:56:f2:7a:09","00:0c:29:7b:a8:da","60","80  >  1044 [ACK] Seq=73851 Ack=2184 Win=64240 Len=0"
"243","180.729072","TCP","00:50:56:f2:7a:09","00:0c:29:7b:a8:da","1109","80  >  1044 [PSH, ACK] Seq=73851 Ack=2184 Win=64240 Len=1055"
"244","180.740989","TCP","00:0c:29:7b:a8:da","00:50:56:f2:7a:09","85","1044  >  80 [PSH, ACK] Seq=2184 Ack=74906 Win=63185 Len=31"
"245","180.741881","TCP","00:50:56:f2:7a:09","00:0c:29:7b:a8:da","60","80  >  1044 [ACK] Seq=74906 Ack=2215 Win=64240 Len=0"
"246","181.307860","TCP","00:50:56:f2:7a:09","00:0c:29:7b:a8:da","1109","80  >  1044 [PSH, ACK] Seq=74906 Ack=2215 Win=64240 Len=1055"
"247","181.312774","TCP","00:0c:29:7b:a8:da","00:50:56:f2:7a:09","85","1044  >  80 [PSH, ACK] Seq=2215 Ack=75961 Win=64240 Len=31"
"248","181.313471","TCP","00:50:56:f2:7a:09","00:0c:29:7b:a8:da","60","80  >  1044 [ACK] Seq=75961 Ack=2246 Win=64240 Len=0"
"249","181.796933","TCP","00:50:56:f2:7a:09","00:0c:29:7b:a8:da","1109","80  >  1044 [PSH, ACK] Seq=75961 Ack=2246 Win=64240 Len=1055"
"250","181.800780","TCP","00:0c:29:7b:a8:da","00:50:56:f2:7a:09","85","1044  >  80 [PSH, ACK] Seq=2246 Ack=77016 Win=63185 Len=31"
"251","181.801238","TCP","00:50:56:f2:7a:09","00:0c:29:7b:a8:da","60","80  >  1044 [ACK] Seq=77016 Ack=2277 Win=64240 Len=0"
"252","182.260631","TCP","00:50:56:f2:7a:09","00:0c:29:7b:a8:da","1109","80  >  1044 [PSH, ACK] Seq=77016 Ack=2277 Win=64240 Len=1055"
"253","182.264482","TCP","00:0c:29:7b:a8:da","00:50:56:f2:7a:09","85","1044  >  80 [PSH, ACK] Seq=2277 Ack=78071 Win=64240 Len=31"
"254","182.264847","TCP","00:50:56:f2:7a:09","00:0c:29:7b:a8:da","60","80  >  1044 [ACK] Seq=78071 Ack=2308 Win=64240 Len=0"
"255","182.773004","TCP","00:50:56:f2:7a:09","00:0c:29:7b:a8:da","1109","80  >  1044 [PSH, ACK] Seq=78071 Ack=2308 Win=64240 Len=1055"
"256","182.775899","TCP","00:0c:29:7b:a8:da","00:50:56:f2:7a:09","85","1044  >  80 [PSH, ACK] Seq=2308 Ack=79126 Win=63185 Len=31"
"257","182.776323","TCP","00:50:56:f2:7a:09","00:0c:29:7b:a8:da","60","80  >  1044 [ACK] Seq=79126 Ack=2339 Win=64240 Len=0"
"258","183.268406","TCP","00:50:56:f2:7a:09","00:0c:29:7b:a8:da","1109","80  >  1044 [PSH, ACK] Seq=79126 Ack=2339 Win=64240 Len=1055"
"259","183.271823","TCP","00:0c:29:7b:a8:da","00:50:56:f2:7a:09","85","1044  >  80 [PSH, ACK] Seq=2339 Ack=80181 Win=64240 Len=31"
"260","183.272116","TCP","00:50:56:f2:7a:09","00:0c:29:7b:a8:da","60","80  >  1044 [ACK] Seq=80181 Ack=2370 Win=64240 Len=0"
"261","183.709965","TCP","00:50:56:f2:7a:09","00:0c:29:7b:a8:da","1109","80  >  1044 [PSH, ACK] Seq=80181 Ack=2370 Win=64240 Len=1055"
"262","183.714815","TCP","00:0c:29:7b:a8:da","00:50:56:f2:7a:09","85","1044  >  80 [PSH, ACK] Seq=2370 Ack=81236 Win=63185 Len=31"
"263","183.715474","TCP","00:50:56:f2:7a:09","00:0c:29:7b:a8:da","60","80  >  1044 [ACK] Seq=81236 Ack=2401 Win=64240 Len=0"
"264","184.098025","TCP","00:50:56:f2:7a:09","00:0c:29:7b:a8:da","1109","80  >  1044 [PSH, ACK] Seq=81236 Ack=2401 Win=64240 Len=1055"
"265","184.101906","TCP","00:0c:29:7b:a8:da","00:50:56:f2:7a:09","85","1044  >  80 [PSH, ACK] Seq=2401 Ack=82291 Win=64240 Len=31"
"266","184.102491","TCP","00:50:56:f2:7a:09","00:0c:29:7b:a8:da","60","80  >  1044 [ACK] Seq=82291 Ack=2432 Win=64240 Len=0"
"267","184.612584","TCP","00:50:56:f2:7a:09","00:0c:29:7b:a8:da","1109","80  >  1044 [PSH, ACK] Seq=82291 Ack=2432 Win=64240 Len=1055"
"268","184.616346","TCP","00:0c:29:7b:a8:da","00:50:56:f2:7a:09","85","1044  >  80 [PSH, ACK] Seq=2432 Ack=83346 Win=63185 Len=31"
"269","184.616859","TCP","00:50:56:f2:7a:09","00:0c:29:7b:a8:da","60","80  >  1044 [ACK] Seq=83346 Ack=2463 Win=64240 Len=0"
"270","185.029706","TCP","00:50:56:f2:7a:09","00:0c:29:7b:a8:da","1109","80  >  1044 [PSH, ACK] Seq=83346 Ack=2463 Win=64240 Len=1055"
"271","185.033918","TCP","00:0c:29:7b:a8:da","00:50:56:f2:7a:09","85","1044  >  80 [PSH, ACK] Seq=2463 Ack=84401 Win=64240 Len=31"
"272","185.034363","TCP","00:50:56:f2:7a:09","00:0c:29:7b:a8:da","60","80  >  1044 [ACK] Seq=84401 Ack=2494 Win=64240 Len=0"
"273","185.545205","TCP","00:50:56:f2:7a:09","00:0c:29:7b:a8:da","1109","80  >  1044 [PSH, ACK] Seq=84401 Ack=2494 Win=64240 Len=1055"
"274","185.549414","TCP","00:0c:29:7b:a8:da","00:50:56:f2:7a:09","85","1044  >  80 [PSH, ACK] Seq=2494 Ack=85456 Win=63185 Len=31"
"275","185.549757","TCP","00:50:56:f2:7a:09","00:0c:29:7b:a8:da","60","80  >  1044 [ACK] Seq=85456 Ack=2525 Win=64240 Len=0"
"276","185.941252","TCP","00:50:56:f2:7a:09","00:0c:29:7b:a8:da","1109","80  >  1044 [PSH, ACK] Seq=85456 Ack=2525 Win=64240 Len=1055"
"277","185.944941","TCP","00:0c:29:7b:a8:da","00:50:56:f2:7a:09","85","1044  >  80 [PSH, ACK] Seq=2525 Ack=86511 Win=64240 Len=31"
"278","185.945269","TCP","00:50:56:f2:7a:09","00:0c:29:7b:a8:da","60","80  >  1044 [ACK] Seq=86511 Ack=2556 Win=64240 Len=0"
"279","186.351377","TCP","00:50:56:f2:7a:09","00:0c:29:7b:a8:da","1109","80  >  1044 [PSH, ACK] Seq=86511 Ack=2556 Win=64240 Len=1055"
"280","186.355056","TCP","00:0c:29:7b:a8:da","00:50:56:f2:7a:09","85","1044  >  80 [PSH, ACK] Seq=2556 Ack=87566 Win=63185 Len=31"
"281","186.355419","TCP","00:50:56:f2:7a:09","00:0c:29:7b:a8:da","60","80  >  1044 [ACK] Seq=87566 Ack=2587 Win=64240 Len=0"
"282","186.760341","TCP","00:50:56:f2:7a:09","00:0c:29:7b:a8:da","1109","80  >  1044 [PSH, ACK] Seq=87566 Ack=2587 Win=64240 Len=1055"
"283","186.763432","TCP","00:0c:29:7b:a8:da","00:50:56:f2:7a:09","85","1044  >  80 [PSH, ACK] Seq=2587 Ack=88621 Win=64240 Len=31"
"284","186.763779","TCP","00:50:56:f2:7a:09","00:0c:29:7b:a8:da","60","80  >  1044 [ACK] Seq=88621 Ack=2618 Win=64240 Len=0"
"285","187.168839","TCP","00:50:56:f2:7a:09","00:0c:29:7b:a8:da","1109","80  >  1044 [PSH, ACK] Seq=88621 Ack=2618 Win=64240 Len=1055"
"286","187.172347","TCP","00:0c:29:7b:a8:da","00:50:56:f2:7a:09","85","1044  >  80 [PSH, ACK] Seq=2618 Ack=89676 Win=63185 Len=31"
"287","187.172647","TCP","00:50:56:f2:7a:09","00:0c:29:7b:a8:da","60","80  >  1044 [ACK] Seq=89676 Ack=2649 Win=64240 Len=0"
"288","187.590150","TCP","00:50:56:f2:7a:09","00:0c:29:7b:a8:da","1109","80  >  1044 [PSH, ACK] Seq=89676 Ack=2649 Win=64240 Len=1055"
"289","187.593548","TCP","00:0c:29:7b:a8:da","00:50:56:f2:7a:09","85","1044  >  80 [PSH, ACK] Seq=2649 Ack=90731 Win=64240 Len=31"
"290","187.593833","TCP","00:50:56:f2:7a:09","00:0c:29:7b:a8:da","60","80  >  1044 [ACK] Seq=90731 Ack=2680 Win=64240 Len=0"
"291","187.988247","TCP","00:50:56:f2:7a:09","00:0c:29:7b:a8:da","1109","80  >  1044 [PSH, ACK] Seq=90731 Ack=2680 Win=64240 Len=1055"
"292","187.991441","TCP","00:0c:29:7b:a8:da","00:50:56:f2:7a:09","85","1044  >  80 [PSH, ACK] Seq=2680 Ack=91786 Win=63185 Len=31"
"293","187.991768","TCP","00:50:56:f2:7a:09","00:0c:29:7b:a8:da","60","80  >  1044 [ACK] Seq=91786 Ack=2711 Win=64240 Len=0"
"294","188.401292","TCP","00:50:56:f2:7a:09","00:0c:29:7b:a8:da","1109","80  >  1044 [PSH, ACK] Seq=91786 Ack=2711 Win=64240 Len=1055"
"295","188.403664","TCP","00:0c:29:7b:a8:da","00:50:56:f2:7a:09","85","1044  >  80 [PSH, ACK] Seq=2711 Ack=92841 Win=64240 Len=31"
"296","188.403914","TCP","00:50:56:f2:7a:09","00:0c:29:7b:a8:da","60","80  >  1044 [ACK] Seq=92841 Ack=2742 Win=64240 Len=0"
"297","188.808720","TCP","00:50:56:f2:7a:09","00:0c:29:7b:a8:da","1109","80  >  1044 [PSH, ACK] Seq=92841 Ack=2742 Win=64240 Len=1055"
"298","188.812443","TCP","00:0c:29:7b:a8:da","00:50:56:f2:7a:09","85","1044  >  80 [PSH, ACK] Seq=2742 Ack=93896 Win=63185 Len=31"
"299","188.813082","TCP","00:50:56:f2:7a:09","00:0c:29:7b:a8:da","60","80  >  1044 [ACK] Seq=93896 Ack=2773 Win=64240 Len=0"
"300","189.218525","TCP","00:50:56:f2:7a:09","00:0c:29:7b:a8:da","1109","80  >  1044 [PSH, ACK] Seq=93896 Ack=2773 Win=64240 Len=1055"
"301","189.221391","TCP","00:0c:29:7b:a8:da","00:50:56:f2:7a:09","85","1044  >  80 [PSH, ACK] Seq=2773 Ack=94951 Win=64240 Len=31"
"302","189.221778","TCP","00:50:56:f2:7a:09","00:0c:29:7b:a8:da","60","80  >  1044 [ACK] Seq=94951 Ack=2804 Win=64240 Len=0"
"303","189.689858","TCP","00:50:56:f2:7a:09","00:0c:29:7b:a8:da","1109","80  >  1044 [PSH, ACK] Seq=94951 Ack=2804 Win=64240 Len=1055"
"304","189.692638","TCP","00:0c:29:7b:a8:da","00:50:56:f2:7a:09","85","1044  >  80 [PSH, ACK] Seq=2804 Ack=96006 Win=63185 Len=31"
"305","189.692886","TCP","00:50:56:f2:7a:09","00:0c:29:7b:a8:da","60","80  >  1044 [ACK] Seq=96006 Ack=2835 Win=64240 Len=0"
"306","190.038949","TCP","00:50:56:f2:7a:09","00:0c:29:7b:a8:da","1109","80  >  1044 [PSH, ACK] Seq=96006 Ack=2835 Win=64240 Len=1055"
"307","190.041529","TCP","00:0c:29:7b:a8:da","00:50:56:f2:7a:09","85","1044  >  80 [PSH, ACK] Seq=2835 Ack=97061 Win=64240 Len=31"
"308","190.041760","TCP","00:50:56:f2:7a:09","00:0c:29:7b:a8:da","60","80  >  1044 [ACK] Seq=97061 Ack=2866 Win=64240 Len=0"
"309","190.328935","TCP","00:50:56:f2:7a:09","00:0c:29:7b:a8:da","1109","80  >  1044 [PSH, ACK] Seq=97061 Ack=2866 Win=64240 Len=1055"
"310","190.414699","TCP","00:50:56:f2:7a:09","00:0c:29:7b:a8:da","1109","[TCP Retransmission] 80  >  1044 [PSH, ACK] Seq=97061 Ack=2866 Win=64240 Len=1055"
"311","190.414751","TCP","00:0c:29:7b:a8:da","00:50:56:f2:7a:09","54","1044  >  80 [ACK] Seq=2866 Ack=98116 Win=63185 Len=0"
"312","190.556710","TCP","00:0c:29:7b:a8:da","00:50:56:f2:7a:09","85","1044  >  80 [PSH, ACK] Seq=2866 Ack=98116 Win=63185 Len=31"
"313","190.557228","TCP","00:50:56:f2:7a:09","00:0c:29:7b:a8:da","60","80  >  1044 [ACK] Seq=98116 Ack=2897 Win=64240 Len=0"
"314","190.978666","TCP","00:50:56:f2:7a:09","00:0c:29:7b:a8:da","1109","80  >  1044 [PSH, ACK] Seq=98116 Ack=2897 Win=64240 Len=1055"
"315","190.981168","TCP","00:0c:29:7b:a8:da","00:50:56:f2:7a:09","85","1044  >  80 [PSH, ACK] Seq=2897 Ack=99171 Win=64240 Len=31"
"316","190.981411","TCP","00:50:56:f2:7a:09","00:0c:29:7b:a8:da","60","80  >  1044 [ACK] Seq=99171 Ack=2928 Win=64240 Len=0"
"317","191.373084","TCP","00:50:56:f2:7a:09","00:0c:29:7b:a8:da","1109","80  >  1044 [PSH, ACK] Seq=99171 Ack=2928 Win=64240 Len=1055"
"318","191.375450","TCP","00:0c:29:7b:a8:da","00:50:56:f2:7a:09","85","1044  >  80 [PSH, ACK] Seq=2928 Ack=100226 Win=63185 Len=31"
"319","191.375725","TCP","00:50:56:f2:7a:09","00:0c:29:7b:a8:da","60","80  >  1044 [ACK] Seq=100226 Ack=2959 Win=64240 Len=0"
"320","191.792101","TCP","00:50:56:f2:7a:09","00:0c:29:7b:a8:da","1109","80  >  1044 [PSH, ACK] Seq=100226 Ack=2959 Win=64240 Len=1055"
"321","191.794752","TCP","00:0c:29:7b:a8:da","00:50:56:f2:7a:09","85","1044  >  80 [PSH, ACK] Seq=2959 Ack=101281 Win=64240 Len=31"
"322","191.795022","TCP","00:50:56:f2:7a:09","00:0c:29:7b:a8:da","60","80  >  1044 [ACK] Seq=101281 Ack=2990 Win=64240 Len=0"
"323","192.187158","TCP","00:50:56:f2:7a:09","00:0c:29:7b:a8:da","1109","80  >  1044 [PSH, ACK] Seq=101281 Ack=2990 Win=64240 Len=1055"
"324","192.190292","TCP","00:0c:29:7b:a8:da","00:50:56:f2:7a:09","85","1044  >  80 [PSH, ACK] Seq=2990 Ack=102336 Win=63185 Len=31"
"325","192.190542","TCP","00:50:56:f2:7a:09","00:0c:29:7b:a8:da","60","80  >  1044 [ACK] Seq=102336 Ack=3021 Win=64240 Len=0"
"326","192.604173","TCP","00:50:56:f2:7a:09","00:0c:29:7b:a8:da","1109","80  >  1044 [PSH, ACK] Seq=102336 Ack=3021 Win=64240 Len=1055"
"327","192.606669","TCP","00:0c:29:7b:a8:da","00:50:56:f2:7a:09","85","1044  >  80 [PSH, ACK] Seq=3021 Ack=103391 Win=64240 Len=31"
"328","192.606948","TCP","00:50:56:f2:7a:09","00:0c:29:7b:a8:da","60","80  >  1044 [ACK] Seq=103391 Ack=3052 Win=64240 Len=0"
"329","193.022464","TCP","00:50:56:f2:7a:09","00:0c:29:7b:a8:da","1109","80  >  1044 [PSH, ACK] Seq=103391 Ack=3052 Win=64240 Len=1055"
"330","193.022639","TCP","00:0c:29:7b:a8:da","00:50:56:f2:7a:09","85","1044  >  80 [PSH, ACK] Seq=3052 Ack=104446 Win=63185 Len=31"
"331","193.026802","TCP","00:50:56:f2:7a:09","00:0c:29:7b:a8:da","60","80  >  1044 [ACK] Seq=104446 Ack=3083 Win=64240 Len=0"
"332","193.528323","TCP","00:50:56:f2:7a:09","00:0c:29:7b:a8:da","1109","80  >  1044 [PSH, ACK] Seq=104446 Ack=3083 Win=64240 Len=1055"
"333","193.531102","TCP","00:0c:29:7b:a8:da","00:50:56:f2:7a:09","85","1044  >  80 [PSH, ACK] Seq=3083 Ack=105501 Win=64240 Len=31"
"334","193.532038","TCP","00:50:56:f2:7a:09","00:0c:29:7b:a8:da","60","80  >  1044 [ACK] Seq=105501 Ack=3114 Win=64240 Len=0"
"335","194.030771","TCP","00:50:56:f2:7a:09","00:0c:29:7b:a8:da","1109","80  >  1044 [PSH, ACK] Seq=105501 Ack=3114 Win=64240 Len=1055"
"336","194.035023","TCP","00:0c:29:7b:a8:da","00:50:56:f2:7a:09","85","1044  >  80 [PSH, ACK] Seq=3114 Ack=106556 Win=63185 Len=31"
"337","194.035441","TCP","00:50:56:f2:7a:09","00:0c:29:7b:a8:da","60","80  >  1044 [ACK] Seq=106556 Ack=3145 Win=64240 Len=0"
"338","194.547756","TCP","00:50:56:f2:7a:09","00:0c:29:7b:a8:da","1109","80  >  1044 [PSH, ACK] Seq=106556 Ack=3145 Win=64240 Len=1055"
"339","194.550527","TCP","00:0c:29:7b:a8:da","00:50:56:f2:7a:09","85","1044  >  80 [PSH, ACK] Seq=3145 Ack=107611 Win=64240 Len=31"
"340","194.550916","TCP","00:50:56:f2:7a:09","00:0c:29:7b:a8:da","60","80  >  1044 [ACK] Seq=107611 Ack=3176 Win=64240 Len=0"
"341","195.017399","TCP","00:50:56:f2:7a:09","00:0c:29:7b:a8:da","1109","80  >  1044 [PSH, ACK] Seq=107611 Ack=3176 Win=64240 Len=1055"
"342","195.020461","TCP","00:0c:29:7b:a8:da","00:50:56:f2:7a:09","85","1044  >  80 [PSH, ACK] Seq=3176 Ack=108666 Win=63185 Len=31"
"343","195.020736","TCP","00:50:56:f2:7a:09","00:0c:29:7b:a8:da","60","80  >  1044 [ACK] Seq=108666 Ack=3207 Win=64240 Len=0"
"344","195.391270","TCP","00:50:56:f2:7a:09","00:0c:29:7b:a8:da","1109","80  >  1044 [PSH, ACK] Seq=108666 Ack=3207 Win=64240 Len=1055"
"345","195.393512","TCP","00:0c:29:7b:a8:da","00:50:56:f2:7a:09","85","1044  >  80 [PSH, ACK] Seq=3207 Ack=109721 Win=64240 Len=31"
"346","195.393898","TCP","00:50:56:f2:7a:09","00:0c:29:7b:a8:da","60","80  >  1044 [ACK] Seq=109721 Ack=3238 Win=64240 Len=0"
"347","195.796854","TCP","00:50:56:f2:7a:09","00:0c:29:7b:a8:da","1109","80  >  1044 [PSH, ACK] Seq=109721 Ack=3238 Win=64240 Len=1055"
"348","195.804303","TCP","00:0c:29:7b:a8:da","00:50:56:f2:7a:09","85","1044  >  80 [PSH, ACK] Seq=3238 Ack=110776 Win=63185 Len=31"
"349","195.804916","TCP","00:50:56:f2:7a:09","00:0c:29:7b:a8:da","60","80  >  1044 [ACK] Seq=110776 Ack=3269 Win=64240 Len=0"
"350","196.218762","TCP","00:50:56:f2:7a:09","00:0c:29:7b:a8:da","1109","80  >  1044 [PSH, ACK] Seq=110776 Ack=3269 Win=64240 Len=1055"
"351","196.222035","TCP","00:0c:29:7b:a8:da","00:50:56:f2:7a:09","85","1044  >  80 [PSH, ACK] Seq=3269 Ack=111831 Win=64240 Len=31"
"352","196.222414","TCP","00:50:56:f2:7a:09","00:0c:29:7b:a8:da","60","80  >  1044 [ACK] Seq=111831 Ack=3300 Win=64240 Len=0"
"353","196.613242","TCP","00:50:56:f2:7a:09","00:0c:29:7b:a8:da","1109","80  >  1044 [PSH, ACK] Seq=111831 Ack=3300 Win=64240 Len=1055"
"354","196.616228","TCP","00:0c:29:7b:a8:da","00:50:56:f2:7a:09","85","1044  >  80 [PSH, ACK] Seq=3300 Ack=112886 Win=63185 Len=31"
"355","196.616454","TCP","00:50:56:f2:7a:09","00:0c:29:7b:a8:da","60","80  >  1044 [ACK] Seq=112886 Ack=3331 Win=64240 Len=0"
"356","197.006349","TCP","00:50:56:f2:7a:09","00:0c:29:7b:a8:da","1109","80  >  1044 [PSH, ACK] Seq=112886 Ack=3331 Win=64240 Len=1055"
"357","197.006586","TCP","00:0c:29:7b:a8:da","00:50:56:f2:7a:09","85","1044  >  80 [PSH, ACK] Seq=3331 Ack=113941 Win=64240 Len=31"
"358","197.009633","TCP","00:50:56:f2:7a:09","00:0c:29:7b:a8:da","60","80  >  1044 [ACK] Seq=113941 Ack=3362 Win=64240 Len=0"
"359","197.412820","TCP","00:50:56:f2:7a:09","00:0c:29:7b:a8:da","1109","80  >  1044 [PSH, ACK] Seq=113941 Ack=3362 Win=64240 Len=1055"
"360","197.416055","TCP","00:0c:29:7b:a8:da","00:50:56:f2:7a:09","85","1044  >  80 [PSH, ACK] Seq=3362 Ack=114996 Win=63185 Len=31"
"361","197.416281","TCP","00:50:56:f2:7a:09","00:0c:29:7b:a8:da","60","80  >  1044 [ACK] Seq=114996 Ack=3393 Win=64240 Len=0"
"362","197.923565","TCP","00:50:56:f2:7a:09","00:0c:29:7b:a8:da","1109","80  >  1044 [PSH, ACK] Seq=114996 Ack=3393 Win=64240 Len=1055"
"363","197.926596","TCP","00:0c:29:7b:a8:da","00:50:56:f2:7a:09","85","1044  >  80 [PSH, ACK] Seq=3393 Ack=116051 Win=64240 Len=31"
"364","197.926882","TCP","00:50:56:f2:7a:09","00:0c:29:7b:a8:da","60","80  >  1044 [ACK] Seq=116051 Ack=3424 Win=64240 Len=0"
"365","198.374043","TCP","00:50:56:f2:7a:09","00:0c:29:7b:a8:da","1109","80  >  1044 [PSH, ACK] Seq=116051 Ack=3424 Win=64240 Len=1055"
"366","198.377013","TCP","00:0c:29:7b:a8:da","00:50:56:f2:7a:09","85","1044  >  80 [PSH, ACK] Seq=3424 Ack=117106 Win=63185 Len=31"
"367","198.378035","TCP","00:50:56:f2:7a:09","00:0c:29:7b:a8:da","60","80  >  1044 [ACK] Seq=117106 Ack=3455 Win=64240 Len=0"
"368","198.740887","TCP","00:50:56:f2:7a:09","00:0c:29:7b:a8:da","1109","80  >  1044 [PSH, ACK] Seq=117106 Ack=3455 Win=64240 Len=1055"
"369","198.741104","TCP","00:0c:29:7b:a8:da","00:50:56:f2:7a:09","85","1044  >  80 [PSH, ACK] Seq=3455 Ack=118161 Win=64240 Len=31"
"370","198.743138","TCP","00:50:56:f2:7a:09","00:0c:29:7b:a8:da","60","80  >  1044 [ACK] Seq=118161 Ack=3486 Win=64240 Len=0"
"371","199.203420","TCP","00:50:56:f2:7a:09","00:0c:29:7b:a8:da","1109","80  >  1044 [PSH, ACK] Seq=118161 Ack=3486 Win=64240 Len=1055"
"372","199.206151","TCP","00:0c:29:7b:a8:da","00:50:56:f2:7a:09","85","1044  >  80 [PSH, ACK] Seq=3486 Ack=119216 Win=63185 Len=31"
"373","199.206400","TCP","00:50:56:f2:7a:09","00:0c:29:7b:a8:da","60","80  >  1044 [ACK] Seq=119216 Ack=3517 Win=64240 Len=0"
"374","199.737209","TCP","00:50:56:f2:7a:09","00:0c:29:7b:a8:da","1109","80  >  1044 [PSH, ACK] Seq=119216 Ack=3517 Win=64240 Len=1055"
"375","199.739306","TCP","00:0c:29:7b:a8:da","00:50:56:f2:7a:09","85","1044  >  80 [PSH, ACK] Seq=3517 Ack=120271 Win=64240 Len=31"
"376","199.739687","TCP","00:50:56:f2:7a:09","00:0c:29:7b:a8:da","60","80  >  1044 [ACK] Seq=120271 Ack=3548 Win=64240 Len=0"
"377","200.175548","TCP","00:50:56:f2:7a:09","00:0c:29:7b:a8:da","1109","80  >  1044 [PSH, ACK] Seq=120271 Ack=3548 Win=64240 Len=1055"
"378","200.178363","TCP","00:0c:29:7b:a8:da","00:50:56:f2:7a:09","85","1044  >  80 [PSH, ACK] Seq=3548 Ack=121326 Win=63185 Len=31"
"379","200.178628","TCP","00:50:56:f2:7a:09","00:0c:29:7b:a8:da","60","80  >  1044 [ACK] Seq=121326 Ack=3579 Win=64240 Len=0"
"380","200.693329","TCP","00:50:56:f2:7a:09","00:0c:29:7b:a8:da","1109","80  >  1044 [PSH, ACK] Seq=121326 Ack=3579 Win=64240 Len=1055"
"381","200.693631","TCP","00:0c:29:7b:a8:da","00:50:56:f2:7a:09","85","1044  >  80 [PSH, ACK] Seq=3579 Ack=122381 Win=64240 Len=31"
"382","200.696161","TCP","00:50:56:f2:7a:09","00:0c:29:7b:a8:da","60","80  >  1044 [ACK] Seq=122381 Ack=3610 Win=64240 Len=0"
"383","201.273853","TCP","00:50:56:f2:7a:09","00:0c:29:7b:a8:da","85","80  >  1044 [PSH, ACK] Seq=122381 Ack=3610 Win=64240 Len=31"
"384","201.273855","TCP","00:0c:29:7b:a8:da","00:50:56:f2:7a:09","54","1044  >  80 [FIN, ACK] Seq=3610 Ack=122412 Win=64209 Len=0"
"385","201.275585","TCP","00:50:56:f2:7a:09","00:0c:29:7b:a8:da","60","80  >  1044 [ACK] Seq=122412 Ack=3611 Win=64239 Len=0"
"386","201.300966","TCP","00:0c:29:7b:a8:da","00:50:56:f2:7a:09","62","1045  >  80 [SYN] Seq=0 Win=64240 Len=0 MSS=1460 SACK_PERM=1"
"387","201.302149","TCP","00:0c:29:7b:a8:da","00:50:56:f2:7a:09","62","1046  >  80 [SYN] Seq=0 Win=64240 Len=0 MSS=1460 SACK_PERM=1"
"388","201.751121","TCP","00:50:56:f2:7a:09","00:0c:29:7b:a8:da","60","80  >  1045 [SYN, ACK] Seq=0 Ack=1 Win=64240 Len=0 MSS=1460"
"389","201.751180","TCP","00:0c:29:7b:a8:da","00:50:56:f2:7a:09","54","1045  >  80 [ACK] Seq=1 Ack=1 Win=64240 Len=0"
"390","201.753421","TCP","00:50:56:f2:7a:09","00:0c:29:7b:a8:da","60","80  >  1046 [SYN, ACK] Seq=0 Ack=1 Win=64240 Len=0 MSS=1460"
"391","201.753470","TCP","00:0c:29:7b:a8:da","00:50:56:f2:7a:09","54","1046  >  80 [ACK] Seq=1 Ack=1 Win=64240 Len=0"
"392","201.753851","TCP","00:0c:29:7b:a8:da","00:50:56:f2:7a:09","67","1046  >  80 [PSH, ACK] Seq=1 Ack=1 Win=64240 Len=13"
"393","201.754059","TCP","00:50:56:f2:7a:09","00:0c:29:7b:a8:da","60","80  >  1046 [ACK] Seq=1 Ack=14 Win=64240 Len=0"
"394","201.754853","TCP","00:0c:29:7b:a8:da","00:50:56:f2:7a:09","144","1045  >  80 [PSH, ACK] Seq=1 Ack=1 Win=64240 Len=90"
"395","201.755058","TCP","00:50:56:f2:7a:09","00:0c:29:7b:a8:da","60","80  >  1045 [ACK] Seq=1 Ack=91 Win=64240 Len=0"
"396","201.774700","TCP","00:50:56:f2:7a:09","00:0c:29:7b:a8:da","60","80  >  1044 [RST, ACK] Seq=122412 Ack=3611 Win=64239 Len=0"
"397","202.110532","DHCP","00:0c:29:8f:d5:6d","ff:ff:ff:ff:ff:ff","342","DHCP Discover - Transaction ID 0xcd068f8e"
"398","202.110804","ICMP","00:50:56:e0:a7:8a","ff:ff:ff:ff:ff:ff","62","Echo (ping) request  id=0x69fb, seq=0/0, ttl=16 (no response found!)"
"399","202.223507","TCP","00:50:56:f2:7a:09","00:0c:29:7b:a8:da","1109","80  >  1046 [PSH, ACK] Seq=1 Ack=14 Win=64240 Len=1055"
"400","202.226341","TCP","00:0c:29:7b:a8:da","00:50:56:f2:7a:09","85","1046  >  80 [PSH, ACK] Seq=14 Ack=1056 Win=63185 Len=31"
"401","202.226545","TCP","00:50:56:f2:7a:09","00:0c:29:7b:a8:da","60","80  >  1046 [ACK] Seq=1056 Ack=45 Win=64240 Len=0"
"402","202.635629","TCP","00:50:56:f2:7a:09","00:0c:29:7b:a8:da","1109","80  >  1046 [PSH, ACK] Seq=1056 Ack=45 Win=64240 Len=1055"
"403","202.638436","TCP","00:0c:29:7b:a8:da","00:50:56:f2:7a:09","85","1046  >  80 [PSH, ACK] Seq=45 Ack=2111 Win=64240 Len=31"
"404","202.638734","TCP","00:50:56:f2:7a:09","00:0c:29:7b:a8:da","60","80  >  1046 [ACK] Seq=2111 Ack=76 Win=64240 Len=0"
"405","203.046238","TCP","00:50:56:f2:7a:09","00:0c:29:7b:a8:da","1109","80  >  1046 [PSH, ACK] Seq=2111 Ack=76 Win=64240 Len=1055"
"406","203.048250","TCP","00:0c:29:7b:a8:da","00:50:56:f2:7a:09","85","1046  >  80 [PSH, ACK] Seq=76 Ack=3166 Win=63185 Len=31"
"407","203.048456","TCP","00:50:56:f2:7a:09","00:0c:29:7b:a8:da","60","80  >  1046 [ACK] Seq=3166 Ack=107 Win=64240 Len=0"
"408","203.112961","DHCP","00:0c:29:8f:d5:6d","ff:ff:ff:ff:ff:ff","355","DHCP Request  - Transaction ID 0xcd068f8e"
"409","203.138709","ARP","00:0c:29:8f:d5:6d","ff:ff:ff:ff:ff:ff","60","Gratuitous ARP for 172.16.253.132 (Request)"
"410","203.443591","ARP","00:0c:29:8f:d5:6d","ff:ff:ff:ff:ff:ff","60","Gratuitous ARP for 172.16.253.132 (Request)"
"411","203.453358","TCP","00:50:56:f2:7a:09","00:0c:29:7b:a8:da","1109","80  >  1046 [PSH, ACK] Seq=3166 Ack=107 Win=64240 Len=1055"
"412","203.455968","TCP","00:0c:29:7b:a8:da","00:50:56:f2:7a:09","85","1046  >  80 [PSH, ACK] Seq=107 Ack=4221 Win=64240 Len=31"
"413","203.456212","TCP","00:50:56:f2:7a:09","00:0c:29:7b:a8:da","60","80  >  1046 [ACK] Seq=4221 Ack=138 Win=64240 Len=0"
"414","203.887982","TCP","00:50:56:f2:7a:09","00:0c:29:7b:a8:da","1109","80  >  1046 [PSH, ACK] Seq=4221 Ack=138 Win=64240 Len=1055"
"415","203.901060","TCP","00:0c:29:7b:a8:da","00:50:56:f2:7a:09","85","1046  >  80 [PSH, ACK] Seq=138 Ack=5276 Win=63185 Len=31"
"416","203.903484","TCP","00:50:56:f2:7a:09","00:0c:29:7b:a8:da","60","80  >  1046 [ACK] Seq=5276 Ack=169 Win=64240 Len=0"
"417","204.313342","TCP","00:50:56:f2:7a:09","00:0c:29:7b:a8:da","1109","80  >  1046 [PSH, ACK] Seq=5276 Ack=169 Win=64240 Len=1055"
"418","204.314860","TCP","00:0c:29:7b:a8:da","00:50:56:f2:7a:09","85","1046  >  80 [PSH, ACK] Seq=169 Ack=6331 Win=64240 Len=31"
"419","204.315014","TCP","00:50:56:f2:7a:09","00:0c:29:7b:a8:da","60","80  >  1046 [ACK] Seq=6331 Ack=200 Win=64240 Len=0"
"420","204.446168","ARP","00:0c:29:8f:d5:6d","ff:ff:ff:ff:ff:ff","60","Gratuitous ARP for 172.16.253.132 (Request)"
"421","204.680208","TCP","00:50:56:f2:7a:09","00:0c:29:7b:a8:da","1109","80  >  1046 [PSH, ACK] Seq=6331 Ack=200 Win=64240 Len=1055"
"422","204.682232","TCP","00:0c:29:7b:a8:da","00:50:56:f2:7a:09","85","1046  >  80 [PSH, ACK] Seq=200 Ack=7386 Win=63185 Len=31"
"423","204.682430","TCP","00:50:56:f2:7a:09","00:0c:29:7b:a8:da","60","80  >  1046 [ACK] Seq=7386 Ack=231 Win=64240 Len=0"
"424","205.147270","TCP","00:50:56:f2:7a:09","00:0c:29:7b:a8:da","1109","80  >  1046 [PSH, ACK] Seq=7386 Ack=231 Win=64240 Len=1055"
"425","205.148751","TCP","00:0c:29:7b:a8:da","00:50:56:f2:7a:09","85","1046  >  80 [PSH, ACK] Seq=231 Ack=8441 Win=64240 Len=31"
"426","205.148938","TCP","00:50:56:f2:7a:09","00:0c:29:7b:a8:da","60","80  >  1046 [ACK] Seq=8441 Ack=262 Win=64240 Len=0"
"427","205.606661","TCP","00:50:56:f2:7a:09","00:0c:29:7b:a8:da","1109","80  >  1046 [PSH, ACK] Seq=8441 Ack=262 Win=64240 Len=1055"
"428","205.608394","TCP","00:0c:29:7b:a8:da","00:50:56:f2:7a:09","85","1046  >  80 [PSH, ACK] Seq=262 Ack=9496 Win=63185 Len=31"
"429","205.608588","TCP","00:50:56:f2:7a:09","00:0c:29:7b:a8:da","60","80  >  1046 [ACK] Seq=9496 Ack=293 Win=64240 Len=0"
"430","206.009914","TCP","00:50:56:f2:7a:09","00:0c:29:7b:a8:da","1109","80  >  1046 [PSH, ACK] Seq=9496 Ack=293 Win=64240 Len=1055"
"431","206.011661","TCP","00:0c:29:7b:a8:da","00:50:56:f2:7a:09","85","1046  >  80 [PSH, ACK] Seq=293 Ack=10551 Win=64240 Len=31"
"432","206.011892","TCP","00:50:56:f2:7a:09","00:0c:29:7b:a8:da","60","80  >  1046 [ACK] Seq=10551 Ack=324 Win=64240 Len=0"
"433","206.421299","TCP","00:50:56:f2:7a:09","00:0c:29:7b:a8:da","1109","80  >  1046 [PSH, ACK] Seq=10551 Ack=324 Win=64240 Len=1055"
"434","206.422562","TCP","00:0c:29:7b:a8:da","00:50:56:f2:7a:09","85","1046  >  80 [PSH, ACK] Seq=324 Ack=11606 Win=63185 Len=31"
"435","206.422688","TCP","00:50:56:f2:7a:09","00:0c:29:7b:a8:da","60","80  >  1046 [ACK] Seq=11606 Ack=355 Win=64240 Len=0"
"436","206.832134","TCP","00:50:56:f2:7a:09","00:0c:29:7b:a8:da","1109","80  >  1046 [PSH, ACK] Seq=11606 Ack=355 Win=64240 Len=1055"
"437","206.833364","TCP","00:0c:29:7b:a8:da","00:50:56:f2:7a:09","85","1046  >  80 [PSH, ACK] Seq=355 Ack=12661 Win=64240 Len=31"
"438","206.834071","TCP","00:50:56:f2:7a:09","00:0c:29:7b:a8:da","60","80  >  1046 [ACK] Seq=12661 Ack=386 Win=64240 Len=0"
"439","207.240388","TCP","00:50:56:f2:7a:09","00:0c:29:7b:a8:da","1109","80  >  1046 [PSH, ACK] Seq=12661 Ack=386 Win=64240 Len=1055"
"440","207.242058","TCP","00:0c:29:7b:a8:da","00:50:56:f2:7a:09","85","1046  >  80 [PSH, ACK] Seq=386 Ack=13716 Win=63185 Len=31"
"441","207.242218","TCP","00:50:56:f2:7a:09","00:0c:29:7b:a8:da","60","80  >  1046 [ACK] Seq=13716 Ack=417 Win=64240 Len=0"
"442","207.692635","TCP","00:50:56:f2:7a:09","00:0c:29:7b:a8:da","1109","80  >  1046 [PSH, ACK] Seq=13716 Ack=417 Win=64240 Len=1055"
"443","207.693791","TCP","00:0c:29:7b:a8:da","00:50:56:f2:7a:09","85","1046  >  80 [PSH, ACK] Seq=417 Ack=14771 Win=64240 Len=31"
"444","207.693908","TCP","00:50:56:f2:7a:09","00:0c:29:7b:a8:da","60","80  >  1046 [ACK] Seq=14771 Ack=448 Win=64240 Len=0"
"445","208.125679","TCP","00:50:56:f2:7a:09","00:0c:29:7b:a8:da","1109","80  >  1046 [PSH, ACK] Seq=14771 Ack=448 Win=64240 Len=1055"
"446","208.126937","TCP","00:0c:29:7b:a8:da","00:50:56:f2:7a:09","85","1046  >  80 [PSH, ACK] Seq=448 Ack=15826 Win=63185 Len=31"
"447","208.127055","TCP","00:50:56:f2:7a:09","00:0c:29:7b:a8:da","60","80  >  1046 [ACK] Seq=15826 Ack=479 Win=64240 Len=0"
"448","208.609300","TCP","00:50:56:f2:7a:09","00:0c:29:7b:a8:da","1109","80  >  1046 [PSH, ACK] Seq=15826 Ack=479 Win=64240 Len=1055"
"449","208.610534","TCP","00:0c:29:7b:a8:da","00:50:56:f2:7a:09","85","1046  >  80 [PSH, ACK] Seq=479 Ack=16881 Win=64240 Len=31"
"450","208.610665","TCP","00:50:56:f2:7a:09","00:0c:29:7b:a8:da","60","80  >  1046 [ACK] Seq=16881 Ack=510 Win=64240 Len=0"
"451","209.090714","TCP","00:50:56:f2:7a:09","00:0c:29:7b:a8:da","1109","80  >  1046 [PSH, ACK] Seq=16881 Ack=510 Win=64240 Len=1055"
"452","209.092232","TCP","00:0c:29:7b:a8:da","00:50:56:f2:7a:09","85","1046  >  80 [PSH, ACK] Seq=510 Ack=17936 Win=63185 Len=31"
"453","209.092353","TCP","00:50:56:f2:7a:09","00:0c:29:7b:a8:da","60","80  >  1046 [ACK] Seq=17936 Ack=541 Win=64240 Len=0"
"454","209.579513","TCP","00:50:56:f2:7a:09","00:0c:29:7b:a8:da","1109","80  >  1046 [PSH, ACK] Seq=17936 Ack=541 Win=64240 Len=1055"
"455","209.580744","TCP","00:0c:29:7b:a8:da","00:50:56:f2:7a:09","85","1046  >  80 [PSH, ACK] Seq=541 Ack=18991 Win=64240 Len=31"
"456","209.580870","TCP","00:50:56:f2:7a:09","00:0c:29:7b:a8:da","60","80  >  1046 [ACK] Seq=18991 Ack=572 Win=64240 Len=0"
"457","210.076061","TCP","00:50:56:f2:7a:09","00:0c:29:7b:a8:da","1109","80  >  1046 [PSH, ACK] Seq=18991 Ack=572 Win=64240 Len=1055"
"458","210.077560","TCP","00:0c:29:7b:a8:da","00:50:56:f2:7a:09","85","1046  >  80 [PSH, ACK] Seq=572 Ack=20046 Win=63185 Len=31"
"459","210.077676","TCP","00:50:56:f2:7a:09","00:0c:29:7b:a8:da","60","80  >  1046 [ACK] Seq=20046 Ack=603 Win=64240 Len=0"
"460","210.566993","TCP","00:50:56:f2:7a:09","00:0c:29:7b:a8:da","1109","80  >  1046 [PSH, ACK] Seq=20046 Ack=603 Win=64240 Len=1055"
"461","210.568533","TCP","00:0c:29:7b:a8:da","00:50:56:f2:7a:09","85","1046  >  80 [PSH, ACK] Seq=603 Ack=21101 Win=64240 Len=31"
"462","210.568663","TCP","00:50:56:f2:7a:09","00:0c:29:7b:a8:da","60","80  >  1046 [ACK] Seq=21101 Ack=634 Win=64240 Len=0"
"463","210.931355","TCP","00:50:56:f2:7a:09","00:0c:29:7b:a8:da","1109","80  >  1046 [PSH, ACK] Seq=21101 Ack=634 Win=64240 Len=1055"
"464","210.932834","TCP","00:0c:29:7b:a8:da","00:50:56:f2:7a:09","85","1046  >  80 [PSH, ACK] Seq=634 Ack=22156 Win=63185 Len=31"
"465","210.932980","TCP","00:50:56:f2:7a:09","00:0c:29:7b:a8:da","60","80  >  1046 [ACK] Seq=22156 Ack=665 Win=64240 Len=0"
"466","211.447769","TCP","00:50:56:f2:7a:09","00:0c:29:7b:a8:da","1109","80  >  1046 [PSH, ACK] Seq=22156 Ack=665 Win=64240 Len=1055"
"467","211.449052","TCP","00:0c:29:7b:a8:da","00:50:56:f2:7a:09","85","1046  >  80 [PSH, ACK] Seq=665 Ack=23211 Win=64240 Len=31"
"468","211.449176","TCP","00:50:56:f2:7a:09","00:0c:29:7b:a8:da","60","80  >  1046 [ACK] Seq=23211 Ack=696 Win=64240 Len=0"
"469","211.875148","TCP","00:50:56:f2:7a:09","00:0c:29:7b:a8:da","1109","80  >  1046 [PSH, ACK] Seq=23211 Ack=696 Win=64240 Len=1055"
"470","211.876545","TCP","00:0c:29:7b:a8:da","00:50:56:f2:7a:09","85","1046  >  80 [PSH, ACK] Seq=696 Ack=24266 Win=63185 Len=31"
"471","211.876667","TCP","00:50:56:f2:7a:09","00:0c:29:7b:a8:da","60","80  >  1046 [ACK] Seq=24266 Ack=727 Win=64240 Len=0"
"472","212.267302","TCP","00:50:56:f2:7a:09","00:0c:29:7b:a8:da","1109","80  >  1046 [PSH, ACK] Seq=24266 Ack=727 Win=64240 Len=1055"
"473","212.268645","TCP","00:0c:29:7b:a8:da","00:50:56:f2:7a:09","85","1046  >  80 [PSH, ACK] Seq=727 Ack=25321 Win=64240 Len=31"
"474","212.268767","TCP","00:50:56:f2:7a:09","00:0c:29:7b:a8:da","60","80  >  1046 [ACK] Seq=25321 Ack=758 Win=64240 Len=0"
"475","212.716709","TCP","00:50:56:f2:7a:09","00:0c:29:7b:a8:da","1109","80  >  1046 [PSH, ACK] Seq=25321 Ack=758 Win=64240 Len=1055"
"476","212.718147","TCP","00:0c:29:7b:a8:da","00:50:56:f2:7a:09","85","1046  >  80 [PSH, ACK] Seq=758 Ack=26376 Win=63185 Len=31"
"477","212.718269","TCP","00:50:56:f2:7a:09","00:0c:29:7b:a8:da","60","80  >  1046 [ACK] Seq=26376 Ack=789 Win=64240 Len=0"
"478","213.080889","TCP","00:50:56:f2:7a:09","00:0c:29:7b:a8:da","1109","80  >  1046 [PSH, ACK] Seq=26376 Ack=789 Win=64240 Len=1055"
"479","213.082244","TCP","00:0c:29:7b:a8:da","00:50:56:f2:7a:09","85","1046  >  80 [PSH, ACK] Seq=789 Ack=27431 Win=64240 Len=31"
"480","213.082369","TCP","00:50:56:f2:7a:09","00:0c:29:7b:a8:da","60","80  >  1046 [ACK] Seq=27431 Ack=820 Win=64240 Len=0"
"481","213.487748","TCP","00:50:56:f2:7a:09","00:0c:29:7b:a8:da","1109","80  >  1046 [PSH, ACK] Seq=27431 Ack=820 Win=64240 Len=1055"
"482","213.489124","TCP","00:0c:29:7b:a8:da","00:50:56:f2:7a:09","85","1046  >  80 [PSH, ACK] Seq=820 Ack=28486 Win=63185 Len=31"
"483","213.489296","TCP","00:50:56:f2:7a:09","00:0c:29:7b:a8:da","60","80  >  1046 [ACK] Seq=28486 Ack=851 Win=64240 Len=0"
"484","213.898437","TCP","00:50:56:f2:7a:09","00:0c:29:7b:a8:da","1109","80  >  1046 [PSH, ACK] Seq=28486 Ack=851 Win=64240 Len=1055"
"485","213.898491","TCP","00:0c:29:7b:a8:da","00:50:56:f2:7a:09","85","1046  >  80 [PSH, ACK] Seq=851 Ack=29541 Win=64240 Len=31"
"486","213.899939","TCP","00:50:56:f2:7a:09","00:0c:29:7b:a8:da","60","80  >  1046 [ACK] Seq=29541 Ack=882 Win=64240 Len=0"
"487","214.410846","TCP","00:50:56:f2:7a:09","00:0c:29:7b:a8:da","1109","80  >  1046 [PSH, ACK] Seq=29541 Ack=882 Win=64240 Len=1055"
"488","214.412292","TCP","00:0c:29:7b:a8:da","00:50:56:f2:7a:09","85","1046  >  80 [PSH, ACK] Seq=882 Ack=30596 Win=63185 Len=31"
"489","214.412420","TCP","00:50:56:f2:7a:09","00:0c:29:7b:a8:da","60","80  >  1046 [ACK] Seq=30596 Ack=913 Win=64240 Len=0"
"490","214.818354","TCP","00:50:56:f2:7a:09","00:0c:29:7b:a8:da","1109","80  >  1046 [PSH, ACK] Seq=30596 Ack=913 Win=64240 Len=1055"
"491","214.819601","TCP","00:0c:29:7b:a8:da","00:50:56:f2:7a:09","85","1046  >  80 [PSH, ACK] Seq=913 Ack=31651 Win=64240 Len=31"
"492","214.819709","TCP","00:50:56:f2:7a:09","00:0c:29:7b:a8:da","60","80  >  1046 [ACK] Seq=31651 Ack=944 Win=64240 Len=0"
"493","215.229601","TCP","00:50:56:f2:7a:09","00:0c:29:7b:a8:da","1109","80  >  1046 [PSH, ACK] Seq=31651 Ack=944 Win=64240 Len=1055"
"494","215.230661","TCP","00:0c:29:7b:a8:da","00:50:56:f2:7a:09","85","1046  >  80 [PSH, ACK] Seq=944 Ack=32706 Win=63185 Len=31"
"495","215.230768","TCP","00:50:56:f2:7a:09","00:0c:29:7b:a8:da","60","80  >  1046 [ACK] Seq=32706 Ack=975 Win=64240 Len=0"
"496","215.574766","TCP","00:50:56:f2:7a:09","00:0c:29:7b:a8:da","1109","80  >  1046 [PSH, ACK] Seq=32706 Ack=975 Win=64240 Len=1055"
"497","215.576124","TCP","00:0c:29:7b:a8:da","00:50:56:f2:7a:09","85","1046  >  80 [PSH, ACK] Seq=975 Ack=33761 Win=64240 Len=31"
"498","215.576256","TCP","00:50:56:f2:7a:09","00:0c:29:7b:a8:da","60","80  >  1046 [ACK] Seq=33761 Ack=1006 Win=64240 Len=0"
"499","215.931190","TCP","00:50:56:f2:7a:09","00:0c:29:7b:a8:da","1109","80  >  1046 [PSH, ACK] Seq=33761 Ack=1006 Win=64240 Len=1055"
"500","215.932406","TCP","00:0c:29:7b:a8:da","00:50:56:f2:7a:09","85","1046  >  80 [PSH, ACK] Seq=1006 Ack=34816 Win=63185 Len=31"
"501","215.932511","TCP","00:50:56:f2:7a:09","00:0c:29:7b:a8:da","60","80  >  1046 [ACK] Seq=34816 Ack=1037 Win=64240 Len=0"
"502","216.354746","TCP","00:50:56:f2:7a:09","00:0c:29:7b:a8:da","1109","80  >  1046 [PSH, ACK] Seq=34816 Ack=1037 Win=64240 Len=1055"
"503","216.355802","TCP","00:0c:29:7b:a8:da","00:50:56:f2:7a:09","85","1046  >  80 [PSH, ACK] Seq=1037 Ack=35871 Win=64240 Len=31"
"504","216.355899","TCP","00:50:56:f2:7a:09","00:0c:29:7b:a8:da","60","80  >  1046 [ACK] Seq=35871 Ack=1068 Win=64240 Len=0"
"505","216.766193","TCP","00:50:56:f2:7a:09","00:0c:29:7b:a8:da","1109","80  >  1046 [PSH, ACK] Seq=35871 Ack=1068 Win=64240 Len=1055"
"506","216.767217","TCP","00:0c:29:7b:a8:da","00:50:56:f2:7a:09","85","1046  >  80 [PSH, ACK] Seq=1068 Ack=36926 Win=63185 Len=31"
"507","216.767314","TCP","00:50:56:f2:7a:09","00:0c:29:7b:a8:da","60","80  >  1046 [ACK] Seq=36926 Ack=1099 Win=64240 Len=0"
"508","217.176914","TCP","00:50:56:f2:7a:09","00:0c:29:7b:a8:da","1109","80  >  1046 [PSH, ACK] Seq=36926 Ack=1099 Win=64240 Len=1055"
"509","217.178014","TCP","00:0c:29:7b:a8:da","00:50:56:f2:7a:09","85","1046  >  80 [PSH, ACK] Seq=1099 Ack=37981 Win=64240 Len=31"
"510","217.178125","TCP","00:50:56:f2:7a:09","00:0c:29:7b:a8:da","60","80  >  1046 [ACK] Seq=37981 Ack=1130 Win=64240 Len=0"
"511","217.588762","TCP","00:50:56:f2:7a:09","00:0c:29:7b:a8:da","1109","80  >  1046 [PSH, ACK] Seq=37981 Ack=1130 Win=64240 Len=1055"
"512","217.590053","TCP","00:0c:29:7b:a8:da","00:50:56:f2:7a:09","85","1046  >  80 [PSH, ACK] Seq=1130 Ack=39036 Win=63185 Len=31"
"513","217.590157","TCP","00:50:56:f2:7a:09","00:0c:29:7b:a8:da","60","80  >  1046 [ACK] Seq=39036 Ack=1161 Win=64240 Len=0"
"514","218.046816","TCP","00:50:56:f2:7a:09","00:0c:29:7b:a8:da","1109","80  >  1046 [PSH, ACK] Seq=39036 Ack=1161 Win=64240 Len=1055"
"515","218.047875","TCP","00:0c:29:7b:a8:da","00:50:56:f2:7a:09","85","1046  >  80 [PSH, ACK] Seq=1161 Ack=40091 Win=64240 Len=31"
"516","218.047969","TCP","00:50:56:f2:7a:09","00:0c:29:7b:a8:da","60","80  >  1046 [ACK] Seq=40091 Ack=1192 Win=64240 Len=0"
"517","218.402365","TCP","00:50:56:f2:7a:09","00:0c:29:7b:a8:da","1109","80  >  1046 [PSH, ACK] Seq=40091 Ack=1192 Win=64240 Len=1055"
"518","218.403482","TCP","00:0c:29:7b:a8:da","00:50:56:f2:7a:09","85","1046  >  80 [PSH, ACK] Seq=1192 Ack=41146 Win=63185 Len=31"
"519","218.403582","TCP","00:50:56:f2:7a:09","00:0c:29:7b:a8:da","60","80  >  1046 [ACK] Seq=41146 Ack=1223 Win=64240 Len=0"
"520","218.823583","TCP","00:50:56:f2:7a:09","00:0c:29:7b:a8:da","1109","80  >  1046 [PSH, ACK] Seq=41146 Ack=1223 Win=64240 Len=1055"
"521","218.824790","TCP","00:0c:29:7b:a8:da","00:50:56:f2:7a:09","85","1046  >  80 [PSH, ACK] Seq=1223 Ack=42201 Win=64240 Len=31"
"522","218.824914","TCP","00:50:56:f2:7a:09","00:0c:29:7b:a8:da","60","80  >  1046 [ACK] Seq=42201 Ack=1254 Win=64240 Len=0"
"523","219.222849","TCP","00:50:56:f2:7a:09","00:0c:29:7b:a8:da","1109","80  >  1046 [PSH, ACK] Seq=42201 Ack=1254 Win=64240 Len=1055"
"524","219.224284","TCP","00:0c:29:7b:a8:da","00:50:56:f2:7a:09","85","1046  >  80 [PSH, ACK] Seq=1254 Ack=43256 Win=63185 Len=31"
"525","219.224398","TCP","00:50:56:f2:7a:09","00:0c:29:7b:a8:da","60","80  >  1046 [ACK] Seq=43256 Ack=1285 Win=64240 Len=0"
"526","219.562707","TCP","00:50:56:f2:7a:09","00:0c:29:7b:a8:da","1109","80  >  1046 [PSH, ACK] Seq=43256 Ack=1285 Win=64240 Len=1055"
"527","219.563818","TCP","00:0c:29:7b:a8:da","00:50:56:f2:7a:09","85","1046  >  80 [PSH, ACK] Seq=1285 Ack=44311 Win=64240 Len=31"
"528","219.563929","TCP","00:50:56:f2:7a:09","00:0c:29:7b:a8:da","60","80  >  1046 [ACK] Seq=44311 Ack=1316 Win=64240 Len=0"
"529","219.920495","TCP","00:50:56:f2:7a:09","00:0c:29:7b:a8:da","1109","80  >  1046 [PSH, ACK] Seq=44311 Ack=1316 Win=64240 Len=1055"
"530","219.921795","TCP","00:0c:29:7b:a8:da","00:50:56:f2:7a:09","85","1046  >  80 [PSH, ACK] Seq=1316 Ack=45366 Win=63185 Len=31"
"531","219.921945","TCP","00:50:56:f2:7a:09","00:0c:29:7b:a8:da","60","80  >  1046 [ACK] Seq=45366 Ack=1347 Win=64240 Len=0"
"532","220.350603","TCP","00:50:56:f2:7a:09","00:0c:29:7b:a8:da","1109","80  >  1046 [PSH, ACK] Seq=45366 Ack=1347 Win=64240 Len=1055"
"533","220.351764","TCP","00:0c:29:7b:a8:da","00:50:56:f2:7a:09","85","1046  >  80 [PSH, ACK] Seq=1347 Ack=46421 Win=64240 Len=31"
"534","220.351872","TCP","00:50:56:f2:7a:09","00:0c:29:7b:a8:da","60","80  >  1046 [ACK] Seq=46421 Ack=1378 Win=64240 Len=0"
"535","220.759124","TCP","00:50:56:f2:7a:09","00:0c:29:7b:a8:da","1109","80  >  1046 [PSH, ACK] Seq=46421 Ack=1378 Win=64240 Len=1055"
"536","220.760497","TCP","00:0c:29:7b:a8:da","00:50:56:f2:7a:09","85","1046  >  80 [PSH, ACK] Seq=1378 Ack=47476 Win=63185 Len=31"
"537","220.760602","TCP","00:50:56:f2:7a:09","00:0c:29:7b:a8:da","60","80  >  1046 [ACK] Seq=47476 Ack=1409 Win=64240 Len=0"
"538","221.182108","TCP","00:50:56:f2:7a:09","00:0c:29:7b:a8:da","1109","80  >  1046 [PSH, ACK] Seq=47476 Ack=1409 Win=64240 Len=1055"
"539","221.183189","TCP","00:0c:29:7b:a8:da","00:50:56:f2:7a:09","85","1046  >  80 [PSH, ACK] Seq=1409 Ack=48531 Win=64240 Len=31"
"540","221.183355","TCP","00:50:56:f2:7a:09","00:0c:29:7b:a8:da","60","80  >  1046 [ACK] Seq=48531 Ack=1440 Win=64240 Len=0"
"541","221.576646","TCP","00:50:56:f2:7a:09","00:0c:29:7b:a8:da","1109","80  >  1046 [PSH, ACK] Seq=48531 Ack=1440 Win=64240 Len=1055"
"542","221.577918","TCP","00:0c:29:7b:a8:da","00:50:56:f2:7a:09","85","1046  >  80 [PSH, ACK] Seq=1440 Ack=49586 Win=63185 Len=31"
"543","221.578036","TCP","00:50:56:f2:7a:09","00:0c:29:7b:a8:da","60","80  >  1046 [ACK] Seq=49586 Ack=1471 Win=64240 Len=0"
"544","221.990955","TCP","00:50:56:f2:7a:09","00:0c:29:7b:a8:da","1109","80  >  1046 [PSH, ACK] Seq=49586 Ack=1471 Win=64240 Len=1055"
"545","221.992040","TCP","00:0c:29:7b:a8:da","00:50:56:f2:7a:09","85","1046  >  80 [PSH, ACK] Seq=1471 Ack=50641 Win=64240 Len=31"
"546","221.992137","TCP","00:50:56:f2:7a:09","00:0c:29:7b:a8:da","60","80  >  1046 [ACK] Seq=50641 Ack=1502 Win=64240 Len=0"
"547","222.399158","TCP","00:50:56:f2:7a:09","00:0c:29:7b:a8:da","1109","80  >  1046 [PSH, ACK] Seq=50641 Ack=1502 Win=64240 Len=1055"
"548","222.400302","TCP","00:0c:29:7b:a8:da","00:50:56:f2:7a:09","85","1046  >  80 [PSH, ACK] Seq=1502 Ack=51696 Win=63185 Len=31"
"549","222.400409","TCP","00:50:56:f2:7a:09","00:0c:29:7b:a8:da","60","80  >  1046 [ACK] Seq=51696 Ack=1533 Win=64240 Len=0"
"550","222.805763","TCP","00:50:56:f2:7a:09","00:0c:29:7b:a8:da","1109","80  >  1046 [PSH, ACK] Seq=51696 Ack=1533 Win=64240 Len=1055"
"551","222.808570","TCP","00:0c:29:7b:a8:da","00:50:56:f2:7a:09","85","1046  >  80 [PSH, ACK] Seq=1533 Ack=52751 Win=64240 Len=31"
"552","222.808845","TCP","00:50:56:f2:7a:09","00:0c:29:7b:a8:da","60","80  >  1046 [ACK] Seq=52751 Ack=1564 Win=64240 Len=0"
"553","223.275806","TCP","00:50:56:f2:7a:09","00:0c:29:7b:a8:da","1109","80  >  1046 [PSH, ACK] Seq=52751 Ack=1564 Win=64240 Len=1055"
"554","223.278103","TCP","00:0c:29:7b:a8:da","00:50:56:f2:7a:09","85","1046  >  80 [PSH, ACK] Seq=1564 Ack=53806 Win=63185 Len=31"
"555","223.278323","TCP","00:50:56:f2:7a:09","00:0c:29:7b:a8:da","60","80  >  1046 [ACK] Seq=53806 Ack=1595 Win=64240 Len=0"
"556","223.624126","TCP","00:50:56:f2:7a:09","00:0c:29:7b:a8:da","1109","80  >  1046 [PSH, ACK] Seq=53806 Ack=1595 Win=64240 Len=1055"
"557","223.626707","TCP","00:0c:29:7b:a8:da","00:50:56:f2:7a:09","85","1046  >  80 [PSH, ACK] Seq=1595 Ack=54861 Win=64240 Len=31"
"558","223.626934","TCP","00:50:56:f2:7a:09","00:0c:29:7b:a8:da","60","80  >  1046 [ACK] Seq=54861 Ack=1626 Win=64240 Len=0"
"559","224.100736","TCP","00:50:56:f2:7a:09","00:0c:29:7b:a8:da","1109","80  >  1046 [PSH, ACK] Seq=54861 Ack=1626 Win=64240 Len=1055"
"560","224.102794","TCP","00:0c:29:7b:a8:da","00:50:56:f2:7a:09","85","1046  >  80 [PSH, ACK] Seq=1626 Ack=55916 Win=63185 Len=31"
"561","224.103038","TCP","00:50:56:f2:7a:09","00:0c:29:7b:a8:da","60","80  >  1046 [ACK] Seq=55916 Ack=1657 Win=64240 Len=0"
"562","224.445697","TCP","00:50:56:f2:7a:09","00:0c:29:7b:a8:da","1109","80  >  1046 [PSH, ACK] Seq=55916 Ack=1657 Win=64240 Len=1055"
"563","224.447676","TCP","00:0c:29:7b:a8:da","00:50:56:f2:7a:09","85","1046  >  80 [PSH, ACK] Seq=1657 Ack=56971 Win=64240 Len=31"
"564","224.447834","TCP","00:50:56:f2:7a:09","00:0c:29:7b:a8:da","60","80  >  1046 [ACK] Seq=56971 Ack=1688 Win=64240 Len=0"
"565","224.959158","TCP","00:50:56:f2:7a:09","00:0c:29:7b:a8:da","1109","80  >  1046 [PSH, ACK] Seq=56971 Ack=1688 Win=64240 Len=1055"
"566","224.960443","TCP","00:0c:29:7b:a8:da","00:50:56:f2:7a:09","85","1046  >  80 [PSH, ACK] Seq=1688 Ack=58026 Win=63185 Len=31"
"567","224.960582","TCP","00:50:56:f2:7a:09","00:0c:29:7b:a8:da","60","80  >  1046 [ACK] Seq=58026 Ack=1719 Win=64240 Len=0"
"568","225.364897","TCP","00:50:56:f2:7a:09","00:0c:29:7b:a8:da","1109","80  >  1046 [PSH, ACK] Seq=58026 Ack=1719 Win=64240 Len=1055"
"569","225.367373","TCP","00:0c:29:7b:a8:da","00:50:56:f2:7a:09","85","1046  >  80 [PSH, ACK] Seq=1719 Ack=59081 Win=64240 Len=31"
"570","225.367592","TCP","00:50:56:f2:7a:09","00:0c:29:7b:a8:da","60","80  >  1046 [ACK] Seq=59081 Ack=1750 Win=64240 Len=0"
"571","225.780008","TCP","00:50:56:f2:7a:09","00:0c:29:7b:a8:da","1109","80  >  1046 [PSH, ACK] Seq=59081 Ack=1750 Win=64240 Len=1055"
"572","225.781202","TCP","00:0c:29:7b:a8:da","00:50:56:f2:7a:09","85","1046  >  80 [PSH, ACK] Seq=1750 Ack=60136 Win=63185 Len=31"
"573","225.781365","TCP","00:50:56:f2:7a:09","00:0c:29:7b:a8:da","60","80  >  1046 [ACK] Seq=60136 Ack=1781 Win=64240 Len=0"
"574","226.183871","TCP","00:50:56:f2:7a:09","00:0c:29:7b:a8:da","1109","80  >  1046 [PSH, ACK] Seq=60136 Ack=1781 Win=64240 Len=1055"
"575","226.184922","TCP","00:0c:29:7b:a8:da","00:50:56:f2:7a:09","85","1046  >  80 [PSH, ACK] Seq=1781 Ack=61191 Win=64240 Len=31"
"576","226.185069","TCP","00:50:56:f2:7a:09","00:0c:29:7b:a8:da","60","80  >  1046 [ACK] Seq=61191 Ack=1812 Win=64240 Len=0"
"577","226.637690","TCP","00:50:56:f2:7a:09","00:0c:29:7b:a8:da","1109","80  >  1046 [PSH, ACK] Seq=61191 Ack=1812 Win=64240 Len=1055"
"578","226.638650","TCP","00:0c:29:7b:a8:da","00:50:56:f2:7a:09","85","1046  >  80 [PSH, ACK] Seq=1812 Ack=62246 Win=63185 Len=31"
"579","226.638818","TCP","00:50:56:f2:7a:09","00:0c:29:7b:a8:da","60","80  >  1046 [ACK] Seq=62246 Ack=1843 Win=64240 Len=0"
"580","227.004100","TCP","00:50:56:f2:7a:09","00:0c:29:7b:a8:da","1109","80  >  1046 [PSH, ACK] Seq=62246 Ack=1843 Win=64240 Len=1055"
"581","227.005080","TCP","00:0c:29:7b:a8:da","00:50:56:f2:7a:09","85","1046  >  80 [PSH, ACK] Seq=1843 Ack=63301 Win=64240 Len=31"
"582","227.005171","TCP","00:50:56:f2:7a:09","00:0c:29:7b:a8:da","60","80  >  1046 [ACK] Seq=63301 Ack=1874 Win=64240 Len=0"
"583","227.442292","TCP","00:50:56:f2:7a:09","00:0c:29:7b:a8:da","1109","80  >  1046 [PSH, ACK] Seq=63301 Ack=1874 Win=64240 Len=1055"
"584","227.443586","TCP","00:0c:29:7b:a8:da","00:50:56:f2:7a:09","85","1046  >  80 [PSH, ACK] Seq=1874 Ack=64356 Win=63185 Len=31"
"585","227.443683","TCP","00:50:56:f2:7a:09","00:0c:29:7b:a8:da","60","80  >  1046 [ACK] Seq=64356 Ack=1905 Win=64240 Len=0"
"586","227.837986","TCP","00:50:56:f2:7a:09","00:0c:29:7b:a8:da","1109","80  >  1046 [PSH, ACK] Seq=64356 Ack=1905 Win=64240 Len=1055"
"587","227.841073","TCP","00:0c:29:7b:a8:da","00:50:56:f2:7a:09","85","1046  >  80 [PSH, ACK] Seq=1905 Ack=65411 Win=64240 Len=31"
"588","227.841367","TCP","00:50:56:f2:7a:09","00:0c:29:7b:a8:da","60","80  >  1046 [ACK] Seq=65411 Ack=1936 Win=64240 Len=0"
"589","228.264998","TCP","00:50:56:f2:7a:09","00:0c:29:7b:a8:da","1109","80  >  1046 [PSH, ACK] Seq=65411 Ack=1936 Win=64240 Len=1055"
"590","228.266851","TCP","00:0c:29:7b:a8:da","00:50:56:f2:7a:09","85","1046  >  80 [PSH, ACK] Seq=1936 Ack=66466 Win=63185 Len=31"
"591","228.267040","TCP","00:50:56:f2:7a:09","00:0c:29:7b:a8:da","60","80  >  1046 [ACK] Seq=66466 Ack=1967 Win=64240 Len=0"
"592","228.752463","TCP","00:50:56:f2:7a:09","00:0c:29:7b:a8:da","1109","80  >  1046 [PSH, ACK] Seq=66466 Ack=1967 Win=64240 Len=1055"
"593","228.754313","TCP","00:0c:29:7b:a8:da","00:50:56:f2:7a:09","85","1046  >  80 [PSH, ACK] Seq=1967 Ack=67521 Win=64240 Len=31"
"594","228.754495","TCP","00:50:56:f2:7a:09","00:0c:29:7b:a8:da","60","80  >  1046 [ACK] Seq=67521 Ack=1998 Win=64240 Len=0"
"595","229.156710","TCP","00:50:56:f2:7a:09","00:0c:29:7b:a8:da","1109","80  >  1046 [PSH, ACK] Seq=67521 Ack=1998 Win=64240 Len=1055"
"596","229.158056","TCP","00:0c:29:7b:a8:da","00:50:56:f2:7a:09","85","1046  >  80 [PSH, ACK] Seq=1998 Ack=68576 Win=63185 Len=31"
"597","229.158707","TCP","00:50:56:f2:7a:09","00:0c:29:7b:a8:da","60","80  >  1046 [ACK] Seq=68576 Ack=2029 Win=64240 Len=0"
"598","229.565097","TCP","00:50:56:f2:7a:09","00:0c:29:7b:a8:da","1109","80  >  1046 [PSH, ACK] Seq=68576 Ack=2029 Win=64240 Len=1055"
"599","229.566063","TCP","00:0c:29:7b:a8:da","00:50:56:f2:7a:09","85","1046  >  80 [PSH, ACK] Seq=2029 Ack=69631 Win=64240 Len=31"
"600","229.566155","TCP","00:50:56:f2:7a:09","00:0c:29:7b:a8:da","60","80  >  1046 [ACK] Seq=69631 Ack=2060 Win=64240 Len=0"
"601","229.985930","TCP","00:50:56:f2:7a:09","00:0c:29:7b:a8:da","1109","80  >  1046 [PSH, ACK] Seq=69631 Ack=2060 Win=64240 Len=1055"
"602","229.986964","TCP","00:0c:29:7b:a8:da","00:50:56:f2:7a:09","85","1046  >  80 [PSH, ACK] Seq=2060 Ack=70686 Win=63185 Len=31"
"603","229.987055","TCP","00:50:56:f2:7a:09","00:0c:29:7b:a8:da","60","80  >  1046 [ACK] Seq=70686 Ack=2091 Win=64240 Len=0"
"604","230.391558","TCP","00:50:56:f2:7a:09","00:0c:29:7b:a8:da","1109","80  >  1046 [PSH, ACK] Seq=70686 Ack=2091 Win=64240 Len=1055"
"605","230.392553","TCP","00:0c:29:7b:a8:da","00:50:56:f2:7a:09","85","1046  >  80 [PSH, ACK] Seq=2091 Ack=71741 Win=64240 Len=31"
"606","230.392644","TCP","00:50:56:f2:7a:09","00:0c:29:7b:a8:da","60","80  >  1046 [ACK] Seq=71741 Ack=2122 Win=64240 Len=0"
"607","230.792640","TCP","00:50:56:f2:7a:09","00:0c:29:7b:a8:da","1109","80  >  1046 [PSH, ACK] Seq=71741 Ack=2122 Win=64240 Len=1055"
"608","230.793898","TCP","00:0c:29:7b:a8:da","00:50:56:f2:7a:09","85","1046  >  80 [PSH, ACK] Seq=2122 Ack=72796 Win=63185 Len=31"
"609","230.793995","TCP","00:50:56:f2:7a:09","00:0c:29:7b:a8:da","60","80  >  1046 [ACK] Seq=72796 Ack=2153 Win=64240 Len=0"
"610","231.205273","TCP","00:50:56:f2:7a:09","00:0c:29:7b:a8:da","1109","80  >  1046 [PSH, ACK] Seq=72796 Ack=2153 Win=64240 Len=1055"
"611","231.206276","TCP","00:0c:29:7b:a8:da","00:50:56:f2:7a:09","85","1046  >  80 [PSH, ACK] Seq=2153 Ack=73851 Win=64240 Len=31"
"612","231.206369","TCP","00:50:56:f2:7a:09","00:0c:29:7b:a8:da","60","80  >  1046 [ACK] Seq=73851 Ack=2184 Win=64240 Len=0"
"613","231.613734","TCP","00:50:56:f2:7a:09","00:0c:29:7b:a8:da","1109","80  >  1046 [PSH, ACK] Seq=73851 Ack=2184 Win=64240 Len=1055"
"614","231.614693","TCP","00:0c:29:7b:a8:da","00:50:56:f2:7a:09","85","1046  >  80 [PSH, ACK] Seq=2184 Ack=74906 Win=63185 Len=31"
"615","231.614784","TCP","00:50:56:f2:7a:09","00:0c:29:7b:a8:da","60","80  >  1046 [ACK] Seq=74906 Ack=2215 Win=64240 Len=0"
"616","232.022866","TCP","00:50:56:f2:7a:09","00:0c:29:7b:a8:da","1109","80  >  1046 [PSH, ACK] Seq=74906 Ack=2215 Win=64240 Len=1055"
"617","232.023864","TCP","00:0c:29:7b:a8:da","00:50:56:f2:7a:09","85","1046  >  80 [PSH, ACK] Seq=2215 Ack=75961 Win=64240 Len=31"
"618","232.023943","TCP","00:50:56:f2:7a:09","00:0c:29:7b:a8:da","60","80  >  1046 [ACK] Seq=75961 Ack=2246 Win=64240 Len=0"
"619","232.435882","TCP","00:50:56:f2:7a:09","00:0c:29:7b:a8:da","1109","80  >  1046 [PSH, ACK] Seq=75961 Ack=2246 Win=64240 Len=1055"
"620","232.437058","TCP","00:0c:29:7b:a8:da","00:50:56:f2:7a:09","85","1046  >  80 [PSH, ACK] Seq=2246 Ack=77016 Win=63185 Len=31"
"621","232.437146","TCP","00:50:56:f2:7a:09","00:0c:29:7b:a8:da","60","80  >  1046 [ACK] Seq=77016 Ack=2277 Win=64240 Len=0"
"622","232.840570","TCP","00:50:56:f2:7a:09","00:0c:29:7b:a8:da","1109","80  >  1046 [PSH, ACK] Seq=77016 Ack=2277 Win=64240 Len=1055"
"623","232.841573","TCP","00:0c:29:7b:a8:da","00:50:56:f2:7a:09","85","1046  >  80 [PSH, ACK] Seq=2277 Ack=78071 Win=64240 Len=31"
"624","232.841665","TCP","00:50:56:f2:7a:09","00:0c:29:7b:a8:da","60","80  >  1046 [ACK] Seq=78071 Ack=2308 Win=64240 Len=0"
"625","233.264731","TCP","00:50:56:f2:7a:09","00:0c:29:7b:a8:da","1109","80  >  1046 [PSH, ACK] Seq=78071 Ack=2308 Win=64240 Len=1055"
"626","233.265682","TCP","00:0c:29:7b:a8:da","00:50:56:f2:7a:09","85","1046  >  80 [PSH, ACK] Seq=2308 Ack=79126 Win=63185 Len=31"
"627","233.265770","TCP","00:50:56:f2:7a:09","00:0c:29:7b:a8:da","60","80  >  1046 [ACK] Seq=79126 Ack=2339 Win=64240 Len=0"
"628","233.661564","TCP","00:50:56:f2:7a:09","00:0c:29:7b:a8:da","1109","80  >  1046 [PSH, ACK] Seq=79126 Ack=2339 Win=64240 Len=1055"
"629","233.662600","TCP","00:0c:29:7b:a8:da","00:50:56:f2:7a:09","85","1046  >  80 [PSH, ACK] Seq=2339 Ack=80181 Win=64240 Len=31"
"630","233.662691","TCP","00:50:56:f2:7a:09","00:0c:29:7b:a8:da","60","80  >  1046 [ACK] Seq=80181 Ack=2370 Win=64240 Len=0"
"631","234.081353","TCP","00:50:56:f2:7a:09","00:0c:29:7b:a8:da","1109","80  >  1046 [PSH, ACK] Seq=80181 Ack=2370 Win=64240 Len=1055"
"632","234.082607","TCP","00:0c:29:7b:a8:da","00:50:56:f2:7a:09","85","1046  >  80 [PSH, ACK] Seq=2370 Ack=81236 Win=63185 Len=31"
"633","234.082709","TCP","00:50:56:f2:7a:09","00:0c:29:7b:a8:da","60","80  >  1046 [ACK] Seq=81236 Ack=2401 Win=64240 Len=0"
"634","234.496162","TCP","00:50:56:f2:7a:09","00:0c:29:7b:a8:da","1109","80  >  1046 [PSH, ACK] Seq=81236 Ack=2401 Win=64240 Len=1055"
"635","234.497151","TCP","00:0c:29:7b:a8:da","00:50:56:f2:7a:09","85","1046  >  80 [PSH, ACK] Seq=2401 Ack=82291 Win=64240 Len=31"
"636","234.497346","TCP","00:50:56:f2:7a:09","00:0c:29:7b:a8:da","60","80  >  1046 [ACK] Seq=82291 Ack=2432 Win=64240 Len=0"
"637","234.890702","TCP","00:50:56:f2:7a:09","00:0c:29:7b:a8:da","1109","80  >  1046 [PSH, ACK] Seq=82291 Ack=2432 Win=64240 Len=1055"
"638","234.891658","TCP","00:0c:29:7b:a8:da","00:50:56:f2:7a:09","85","1046  >  80 [PSH, ACK] Seq=2432 Ack=83346 Win=63185 Len=31"
"639","234.891746","TCP","00:50:56:f2:7a:09","00:0c:29:7b:a8:da","60","80  >  1046 [ACK] Seq=83346 Ack=2463 Win=64240 Len=0"
"640","235.299027","TCP","00:50:56:f2:7a:09","00:0c:29:7b:a8:da","1109","80  >  1046 [PSH, ACK] Seq=83346 Ack=2463 Win=64240 Len=1055"
"641","235.300063","TCP","00:0c:29:7b:a8:da","00:50:56:f2:7a:09","85","1046  >  80 [PSH, ACK] Seq=2463 Ack=84401 Win=64240 Len=31"
"642","235.300168","TCP","00:50:56:f2:7a:09","00:0c:29:7b:a8:da","60","80  >  1046 [ACK] Seq=84401 Ack=2494 Win=64240 Len=0"
"643","235.721172","TCP","00:50:56:f2:7a:09","00:0c:29:7b:a8:da","1109","80  >  1046 [PSH, ACK] Seq=84401 Ack=2494 Win=64240 Len=1055"
"644","235.722453","TCP","00:0c:29:7b:a8:da","00:50:56:f2:7a:09","85","1046  >  80 [PSH, ACK] Seq=2494 Ack=85456 Win=63185 Len=31"
"645","235.722558","TCP","00:50:56:f2:7a:09","00:0c:29:7b:a8:da","60","80  >  1046 [ACK] Seq=85456 Ack=2525 Win=64240 Len=0"
"646","236.118315","TCP","00:50:56:f2:7a:09","00:0c:29:7b:a8:da","1109","80  >  1046 [PSH, ACK] Seq=85456 Ack=2525 Win=64240 Len=1055"
"647","236.119462","TCP","00:0c:29:7b:a8:da","00:50:56:f2:7a:09","85","1046  >  80 [PSH, ACK] Seq=2525 Ack=86511 Win=64240 Len=31"
"648","236.119608","TCP","00:50:56:f2:7a:09","00:0c:29:7b:a8:da","60","80  >  1046 [ACK] Seq=86511 Ack=2556 Win=64240 Len=0"
"649","236.528838","TCP","00:50:56:f2:7a:09","00:0c:29:7b:a8:da","1109","80  >  1046 [PSH, ACK] Seq=86511 Ack=2556 Win=64240 Len=1055"
"650","236.528921","TCP","00:0c:29:7b:a8:da","00:50:56:f2:7a:09","85","1046  >  80 [PSH, ACK] Seq=2556 Ack=87566 Win=63185 Len=31"
"651","236.529947","TCP","00:50:56:f2:7a:09","00:0c:29:7b:a8:da","60","80  >  1046 [ACK] Seq=87566 Ack=2587 Win=64240 Len=0"
"652","236.950658","TCP","00:50:56:f2:7a:09","00:0c:29:7b:a8:da","1109","80  >  1046 [PSH, ACK] Seq=87566 Ack=2587 Win=64240 Len=1055"
"653","236.951806","TCP","00:0c:29:7b:a8:da","00:50:56:f2:7a:09","85","1046  >  80 [PSH, ACK] Seq=2587 Ack=88621 Win=64240 Len=31"
"654","236.951910","TCP","00:50:56:f2:7a:09","00:0c:29:7b:a8:da","60","80  >  1046 [ACK] Seq=88621 Ack=2618 Win=64240 Len=0"
"655","237.345377","TCP","00:50:56:f2:7a:09","00:0c:29:7b:a8:da","1109","80  >  1046 [PSH, ACK] Seq=88621 Ack=2618 Win=64240 Len=1055"
"656","237.346667","TCP","00:0c:29:7b:a8:da","00:50:56:f2:7a:09","85","1046  >  80 [PSH, ACK] Seq=2618 Ack=89676 Win=63185 Len=31"
"657","237.346848","TCP","00:50:56:f2:7a:09","00:0c:29:7b:a8:da","60","80  >  1046 [ACK] Seq=89676 Ack=2649 Win=64240 Len=0"
"658","237.758021","TCP","00:50:56:f2:7a:09","00:0c:29:7b:a8:da","1109","80  >  1046 [PSH, ACK] Seq=89676 Ack=2649 Win=64240 Len=1055"
"659","237.759373","TCP","00:0c:29:7b:a8:da","00:50:56:f2:7a:09","85","1046  >  80 [PSH, ACK] Seq=2649 Ack=90731 Win=64240 Len=31"
"660","237.759639","TCP","00:50:56:f2:7a:09","00:0c:29:7b:a8:da","60","80  >  1046 [ACK] Seq=90731 Ack=2680 Win=64240 Len=0"
"661","238.166756","TCP","00:50:56:f2:7a:09","00:0c:29:7b:a8:da","1109","80  >  1046 [PSH, ACK] Seq=90731 Ack=2680 Win=64240 Len=1055"
"662","238.167727","TCP","00:0c:29:7b:a8:da","00:50:56:f2:7a:09","85","1046  >  80 [PSH, ACK] Seq=2680 Ack=91786 Win=63185 Len=31"
"663","238.167902","TCP","00:50:56:f2:7a:09","00:0c:29:7b:a8:da","60","80  >  1046 [ACK] Seq=91786 Ack=2711 Win=64240 Len=0"
"664","238.576368","TCP","00:50:56:f2:7a:09","00:0c:29:7b:a8:da","1109","80  >  1046 [PSH, ACK] Seq=91786 Ack=2711 Win=64240 Len=1055"
"665","238.577375","TCP","00:0c:29:7b:a8:da","00:50:56:f2:7a:09","85","1046  >  80 [PSH, ACK] Seq=2711 Ack=92841 Win=64240 Len=31"
"666","238.577499","TCP","00:50:56:f2:7a:09","00:0c:29:7b:a8:da","60","80  >  1046 [ACK] Seq=92841 Ack=2742 Win=64240 Len=0"
"667","238.991955","TCP","00:50:56:f2:7a:09","00:0c:29:7b:a8:da","1109","80  >  1046 [PSH, ACK] Seq=92841 Ack=2742 Win=64240 Len=1055"
"668","238.993285","TCP","00:0c:29:7b:a8:da","00:50:56:f2:7a:09","85","1046  >  80 [PSH, ACK] Seq=2742 Ack=93896 Win=63185 Len=31"
"669","238.993417","TCP","00:50:56:f2:7a:09","00:0c:29:7b:a8:da","60","80  >  1046 [ACK] Seq=93896 Ack=2773 Win=64240 Len=0"
"670","239.403866","TCP","00:50:56:f2:7a:09","00:0c:29:7b:a8:da","1109","80  >  1046 [PSH, ACK] Seq=93896 Ack=2773 Win=64240 Len=1055"
"671","239.405066","TCP","00:0c:29:7b:a8:da","00:50:56:f2:7a:09","85","1046  >  80 [PSH, ACK] Seq=2773 Ack=94951 Win=64240 Len=31"
"672","239.405179","TCP","00:50:56:f2:7a:09","00:0c:29:7b:a8:da","60","80  >  1046 [ACK] Seq=94951 Ack=2804 Win=64240 Len=0"
"673","239.804454","TCP","00:50:56:f2:7a:09","00:0c:29:7b:a8:da","1109","80  >  1046 [PSH, ACK] Seq=94951 Ack=2804 Win=64240 Len=1055"
"674","239.805515","TCP","00:0c:29:7b:a8:da","00:50:56:f2:7a:09","85","1046  >  80 [PSH, ACK] Seq=2804 Ack=96006 Win=63185 Len=31"
"675","239.805632","TCP","00:50:56:f2:7a:09","00:0c:29:7b:a8:da","60","80  >  1046 [ACK] Seq=96006 Ack=2835 Win=64240 Len=0"
"676","240.217072","TCP","00:50:56:f2:7a:09","00:0c:29:7b:a8:da","1109","80  >  1046 [PSH, ACK] Seq=96006 Ack=2835 Win=64240 Len=1055"
"677","240.217979","TCP","00:0c:29:7b:a8:da","00:50:56:f2:7a:09","85","1046  >  80 [PSH, ACK] Seq=2835 Ack=97061 Win=64240 Len=31"
"678","240.218140","TCP","00:50:56:f2:7a:09","00:0c:29:7b:a8:da","60","80  >  1046 [ACK] Seq=97061 Ack=2866 Win=64240 Len=0"
"679","240.627259","TCP","00:50:56:f2:7a:09","00:0c:29:7b:a8:da","1109","80  >  1046 [PSH, ACK] Seq=97061 Ack=2866 Win=64240 Len=1055"
"680","240.628469","TCP","00:0c:29:7b:a8:da","00:50:56:f2:7a:09","85","1046  >  80 [PSH, ACK] Seq=2866 Ack=98116 Win=63185 Len=31"
"681","240.628580","TCP","00:50:56:f2:7a:09","00:0c:29:7b:a8:da","60","80  >  1046 [ACK] Seq=98116 Ack=2897 Win=64240 Len=0"
"682","241.051530","TCP","00:50:56:f2:7a:09","00:0c:29:7b:a8:da","1109","80  >  1046 [PSH, ACK] Seq=98116 Ack=2897 Win=64240 Len=1055"
"683","241.052611","TCP","00:0c:29:7b:a8:da","00:50:56:f2:7a:09","85","1046  >  80 [PSH, ACK] Seq=2897 Ack=99171 Win=64240 Len=31"
"684","241.052704","TCP","00:50:56:f2:7a:09","00:0c:29:7b:a8:da","60","80  >  1046 [ACK] Seq=99171 Ack=2928 Win=64240 Len=0"
"685","241.443069","TCP","00:50:56:f2:7a:09","00:0c:29:7b:a8:da","1109","80  >  1046 [PSH, ACK] Seq=99171 Ack=2928 Win=64240 Len=1055"
"686","241.444090","TCP","00:0c:29:7b:a8:da","00:50:56:f2:7a:09","85","1046  >  80 [PSH, ACK] Seq=2928 Ack=100226 Win=63185 Len=31"
"687","241.444206","TCP","00:50:56:f2:7a:09","00:0c:29:7b:a8:da","60","80  >  1046 [ACK] Seq=100226 Ack=2959 Win=64240 Len=0"
"688","241.865308","TCP","00:50:56:f2:7a:09","00:0c:29:7b:a8:da","1109","80  >  1046 [PSH, ACK] Seq=100226 Ack=2959 Win=64240 Len=1055"
"689","241.866285","TCP","00:0c:29:7b:a8:da","00:50:56:f2:7a:09","85","1046  >  80 [PSH, ACK] Seq=2959 Ack=101281 Win=64240 Len=31"
"690","241.866376","TCP","00:50:56:f2:7a:09","00:0c:29:7b:a8:da","60","80  >  1046 [ACK] Seq=101281 Ack=2990 Win=64240 Len=0"
"691","242.261684","TCP","00:50:56:f2:7a:09","00:0c:29:7b:a8:da","1109","80  >  1046 [PSH, ACK] Seq=101281 Ack=2990 Win=64240 Len=1055"
"692","242.262961","TCP","00:0c:29:7b:a8:da","00:50:56:f2:7a:09","85","1046  >  80 [PSH, ACK] Seq=2990 Ack=102336 Win=63185 Len=31"
"693","242.263050","TCP","00:50:56:f2:7a:09","00:0c:29:7b:a8:da","60","80  >  1046 [ACK] Seq=102336 Ack=3021 Win=64240 Len=0"
"694","242.671196","TCP","00:50:56:f2:7a:09","00:0c:29:7b:a8:da","1109","80  >  1046 [PSH, ACK] Seq=102336 Ack=3021 Win=64240 Len=1055"
"695","242.672186","TCP","00:0c:29:7b:a8:da","00:50:56:f2:7a:09","85","1046  >  80 [PSH, ACK] Seq=3021 Ack=103391 Win=64240 Len=31"
"696","242.672284","TCP","00:50:56:f2:7a:09","00:0c:29:7b:a8:da","60","80  >  1046 [ACK] Seq=103391 Ack=3052 Win=64240 Len=0"
"697","243.080623","TCP","00:50:56:f2:7a:09","00:0c:29:7b:a8:da","1109","80  >  1046 [PSH, ACK] Seq=103391 Ack=3052 Win=64240 Len=1055"
"698","243.081621","TCP","00:0c:29:7b:a8:da","00:50:56:f2:7a:09","85","1046  >  80 [PSH, ACK] Seq=3052 Ack=104446 Win=63185 Len=31"
"699","243.081713","TCP","00:50:56:f2:7a:09","00:0c:29:7b:a8:da","60","80  >  1046 [ACK] Seq=104446 Ack=3083 Win=64240 Len=0"
"700","243.491108","TCP","00:50:56:f2:7a:09","00:0c:29:7b:a8:da","1109","80  >  1046 [PSH, ACK] Seq=104446 Ack=3083 Win=64240 Len=1055"
"701","243.492093","TCP","00:0c:29:7b:a8:da","00:50:56:f2:7a:09","85","1046  >  80 [PSH, ACK] Seq=3083 Ack=105501 Win=64240 Len=31"
"702","243.492185","TCP","00:50:56:f2:7a:09","00:0c:29:7b:a8:da","60","80  >  1046 [ACK] Seq=105501 Ack=3114 Win=64240 Len=0"
"703","243.903278","TCP","00:50:56:f2:7a:09","00:0c:29:7b:a8:da","1109","80  >  1046 [PSH, ACK] Seq=105501 Ack=3114 Win=64240 Len=1055"
"704","243.904507","TCP","00:0c:29:7b:a8:da","00:50:56:f2:7a:09","85","1046  >  80 [PSH, ACK] Seq=3114 Ack=106556 Win=63185 Len=31"
"705","243.904596","TCP","00:50:56:f2:7a:09","00:0c:29:7b:a8:da","60","80  >  1046 [ACK] Seq=106556 Ack=3145 Win=64240 Len=0"
"706","244.310752","TCP","00:50:56:f2:7a:09","00:0c:29:7b:a8:da","1109","80  >  1046 [PSH, ACK] Seq=106556 Ack=3145 Win=64240 Len=1055"
"707","244.311734","TCP","00:0c:29:7b:a8:da","00:50:56:f2:7a:09","85","1046  >  80 [PSH, ACK] Seq=3145 Ack=107611 Win=64240 Len=31"
"708","244.311834","TCP","00:50:56:f2:7a:09","00:0c:29:7b:a8:da","60","80  >  1046 [ACK] Seq=107611 Ack=3176 Win=64240 Len=0"
"709","244.739639","TCP","00:50:56:f2:7a:09","00:0c:29:7b:a8:da","1109","80  >  1046 [PSH, ACK] Seq=107611 Ack=3176 Win=64240 Len=1055"
"710","244.740672","TCP","00:0c:29:7b:a8:da","00:50:56:f2:7a:09","85","1046  >  80 [PSH, ACK] Seq=3176 Ack=108666 Win=63185 Len=31"
"711","244.740763","TCP","00:50:56:f2:7a:09","00:0c:29:7b:a8:da","60","80  >  1046 [ACK] Seq=108666 Ack=3207 Win=64240 Len=0"
"712","245.130461","TCP","00:50:56:f2:7a:09","00:0c:29:7b:a8:da","1109","80  >  1046 [PSH, ACK] Seq=108666 Ack=3207 Win=64240 Len=1055"
"713","245.131461","TCP","00:0c:29:7b:a8:da","00:50:56:f2:7a:09","85","1046  >  80 [PSH, ACK] Seq=3207 Ack=109721 Win=64240 Len=31"
"714","245.131572","TCP","00:50:56:f2:7a:09","00:0c:29:7b:a8:da","60","80  >  1046 [ACK] Seq=109721 Ack=3238 Win=64240 Len=0"
"715","245.541824","TCP","00:50:56:f2:7a:09","00:0c:29:7b:a8:da","1109","80  >  1046 [PSH, ACK] Seq=109721 Ack=3238 Win=64240 Len=1055"
"716","245.543103","TCP","00:0c:29:7b:a8:da","00:50:56:f2:7a:09","85","1046  >  80 [PSH, ACK] Seq=3238 Ack=110776 Win=63185 Len=31"
"717","245.543236","TCP","00:50:56:f2:7a:09","00:0c:29:7b:a8:da","60","80  >  1046 [ACK] Seq=110776 Ack=3269 Win=64240 Len=0"
"718","245.950347","TCP","00:50:56:f2:7a:09","00:0c:29:7b:a8:da","1109","80  >  1046 [PSH, ACK] Seq=110776 Ack=3269 Win=64240 Len=1055"
"719","245.951369","TCP","00:0c:29:7b:a8:da","00:50:56:f2:7a:09","85","1046  >  80 [PSH, ACK] Seq=3269 Ack=111831 Win=64240 Len=31"
"720","245.951460","TCP","00:50:56:f2:7a:09","00:0c:29:7b:a8:da","60","80  >  1046 [ACK] Seq=111831 Ack=3300 Win=64240 Len=0"
"721","246.360884","TCP","00:50:56:f2:7a:09","00:0c:29:7b:a8:da","1109","80  >  1046 [PSH, ACK] Seq=111831 Ack=3300 Win=64240 Len=1055"
"722","246.362288","TCP","00:0c:29:7b:a8:da","00:50:56:f2:7a:09","85","1046  >  80 [PSH, ACK] Seq=3300 Ack=112886 Win=63185 Len=31"
"723","246.362449","TCP","00:50:56:f2:7a:09","00:0c:29:7b:a8:da","60","80  >  1046 [ACK] Seq=112886 Ack=3331 Win=64240 Len=0"
"724","246.769688","TCP","00:50:56:f2:7a:09","00:0c:29:7b:a8:da","1109","80  >  1046 [PSH, ACK] Seq=112886 Ack=3331 Win=64240 Len=1055"
"725","246.770664","TCP","00:0c:29:7b:a8:da","00:50:56:f2:7a:09","85","1046  >  80 [PSH, ACK] Seq=3331 Ack=113941 Win=64240 Len=31"
"726","246.770755","TCP","00:50:56:f2:7a:09","00:0c:29:7b:a8:da","60","80  >  1046 [ACK] Seq=113941 Ack=3362 Win=64240 Len=0"
"727","247.179295","TCP","00:50:56:f2:7a:09","00:0c:29:7b:a8:da","1109","80  >  1046 [PSH, ACK] Seq=113941 Ack=3362 Win=64240 Len=1055"
"728","247.180705","TCP","00:0c:29:7b:a8:da","00:50:56:f2:7a:09","85","1046  >  80 [PSH, ACK] Seq=3362 Ack=114996 Win=63185 Len=31"
"729","247.180837","TCP","00:50:56:f2:7a:09","00:0c:29:7b:a8:da","60","80  >  1046 [ACK] Seq=114996 Ack=3393 Win=64240 Len=0"
"730","247.593784","TCP","00:50:56:f2:7a:09","00:0c:29:7b:a8:da","1109","80  >  1046 [PSH, ACK] Seq=114996 Ack=3393 Win=64240 Len=1055"
"731","247.594739","TCP","00:0c:29:7b:a8:da","00:50:56:f2:7a:09","85","1046  >  80 [PSH, ACK] Seq=3393 Ack=116051 Win=64240 Len=31"
"732","247.594827","TCP","00:50:56:f2:7a:09","00:0c:29:7b:a8:da","60","80  >  1046 [ACK] Seq=116051 Ack=3424 Win=64240 Len=0"
"733","247.995354","TCP","00:50:56:f2:7a:09","00:0c:29:7b:a8:da","1109","80  >  1046 [PSH, ACK] Seq=116051 Ack=3424 Win=64240 Len=1055"
"734","247.996373","TCP","00:0c:29:7b:a8:da","00:50:56:f2:7a:09","85","1046  >  80 [PSH, ACK] Seq=3424 Ack=117106 Win=63185 Len=31"
"735","247.996461","TCP","00:50:56:f2:7a:09","00:0c:29:7b:a8:da","60","80  >  1046 [ACK] Seq=117106 Ack=3455 Win=64240 Len=0"
"736","248.419339","TCP","00:50:56:f2:7a:09","00:0c:29:7b:a8:da","1109","80  >  1046 [PSH, ACK] Seq=117106 Ack=3455 Win=64240 Len=1055"
"737","248.420415","TCP","00:0c:29:7b:a8:da","00:50:56:f2:7a:09","85","1046  >  80 [PSH, ACK] Seq=3455 Ack=118161 Win=64240 Len=31"
"738","248.420526","TCP","00:50:56:f2:7a:09","00:0c:29:7b:a8:da","60","80  >  1046 [ACK] Seq=118161 Ack=3486 Win=64240 Len=0"
"739","248.824787","TCP","00:50:56:f2:7a:09","00:0c:29:7b:a8:da","1109","80  >  1046 [PSH, ACK] Seq=118161 Ack=3486 Win=64240 Len=1055"
"740","248.825997","TCP","00:0c:29:7b:a8:da","00:50:56:f2:7a:09","85","1046  >  80 [PSH, ACK] Seq=3486 Ack=119216 Win=63185 Len=31"
"741","248.826089","TCP","00:50:56:f2:7a:09","00:0c:29:7b:a8:da","60","80  >  1046 [ACK] Seq=119216 Ack=3517 Win=64240 Len=0"
"742","249.229469","TCP","00:50:56:f2:7a:09","00:0c:29:7b:a8:da","1109","80  >  1046 [PSH, ACK] Seq=119216 Ack=3517 Win=64240 Len=1055"
"743","249.230403","TCP","00:0c:29:7b:a8:da","00:50:56:f2:7a:09","85","1046  >  80 [PSH, ACK] Seq=3517 Ack=120271 Win=64240 Len=31"
"744","249.230746","TCP","00:50:56:f2:7a:09","00:0c:29:7b:a8:da","60","80  >  1046 [ACK] Seq=120271 Ack=3548 Win=64240 Len=0"
"745","249.643234","TCP","00:50:56:f2:7a:09","00:0c:29:7b:a8:da","1109","80  >  1046 [PSH, ACK] Seq=120271 Ack=3548 Win=64240 Len=1055"
"746","249.644201","TCP","00:0c:29:7b:a8:da","00:50:56:f2:7a:09","85","1046  >  80 [PSH, ACK] Seq=3548 Ack=121326 Win=63185 Len=31"
"747","249.644289","TCP","00:50:56:f2:7a:09","00:0c:29:7b:a8:da","60","80  >  1046 [ACK] Seq=121326 Ack=3579 Win=64240 Len=0"
"748","250.068493","TCP","00:50:56:f2:7a:09","00:0c:29:7b:a8:da","1109","80  >  1046 [PSH, ACK] Seq=121326 Ack=3579 Win=64240 Len=1055"
"749","250.069544","TCP","00:0c:29:7b:a8:da","00:50:56:f2:7a:09","85","1046  >  80 [PSH, ACK] Seq=3579 Ack=122381 Win=64240 Len=31"
"750","250.069637","TCP","00:50:56:f2:7a:09","00:0c:29:7b:a8:da","60","80  >  1046 [ACK] Seq=122381 Ack=3610 Win=64240 Len=0"
"751","250.434169","TCP","00:50:56:f2:7a:09","00:0c:29:7b:a8:da","85","80  >  1046 [PSH, ACK] Seq=122381 Ack=3610 Win=64240 Len=31"
"752","250.434251","TCP","00:0c:29:7b:a8:da","00:50:56:f2:7a:09","54","1046  >  80 [FIN, ACK] Seq=3610 Ack=122412 Win=64209 Len=0"
"753","250.434363","TCP","00:50:56:f2:7a:09","00:0c:29:7b:a8:da","60","80  >  1046 [ACK] Seq=122412 Ack=3611 Win=64239 Len=0"
"754","250.744584","TCP","00:50:56:f2:7a:09","00:0c:29:7b:a8:da","60","80  >  1046 [RST, ACK] Seq=122412 Ack=3611 Win=64239 Len=0"
"755","381.617840","ARP","00:0c:29:7b:a8:da","ff:ff:ff:ff:ff:ff","42","Who has 172.16.253.2? Tell 172.16.253.129"
"756","381.617994","ARP","00:50:56:f2:7a:09","00:0c:29:7b:a8:da","60","172.16.253.2 is at 00:50:56:f2:7a:09"
"757","381.618007","TCP","00:0c:29:7b:a8:da","00:50:56:f2:7a:09","55","[TCP Keep-Alive] 1045  >  80 [ACK] Seq=90 Ack=1 Win=64240 Len=1"
"758","381.618468","TCP","00:50:56:f2:7a:09","00:0c:29:7b:a8:da","60","[TCP Keep-Alive ACK] 80  >  1045 [ACK] Seq=1 Ack=91 Win=64240 Len=0"
"759","433.279327","ARP","00:0c:29:af:9c:dc","ff:ff:ff:ff:ff:ff","60","Who has 172.16.253.254? Tell 172.16.253.130"
"760","512.865122","DHCP","00:0c:29:af:9c:dc","ff:ff:ff:ff:ff:ff","342","DHCP Discover - Transaction ID 0x639f7555"
"761","512.865416","ICMP","00:50:56:e0:a7:8a","ff:ff:ff:ff:ff:ff","62","Echo (ping) request  id=0xc9f9, seq=0/0, ttl=16 (no response found!)"
"762","513.867263","DHCP","00:0c:29:af:9c:dc","ff:ff:ff:ff:ff:ff","355","DHCP Request  - Transaction ID 0x639f7555"
"763","513.934735","ARP","00:0c:29:af:9c:dc","ff:ff:ff:ff:ff:ff","60","Gratuitous ARP for 172.16.253.130 (Request)"
"764","514.018284","ARP","00:0c:29:af:9c:dc","ff:ff:ff:ff:ff:ff","60","Gratuitous ARP for 172.16.253.130 (Request)"
"765","515.018025","ARP","00:0c:29:af:9c:dc","ff:ff:ff:ff:ff:ff","60","Gratuitous ARP for 172.16.253.130 (Request)"
"766","561.649166","ARP","00:0c:29:7b:a8:da","ff:ff:ff:ff:ff:ff","42","Who has 172.16.253.2? Tell 172.16.253.129"
"767","561.649396","ARP","00:50:56:f2:7a:09","00:0c:29:7b:a8:da","60","172.16.253.2 is at 00:50:56:f2:7a:09"
"768","561.649409","TCP","00:0c:29:7b:a8:da","00:50:56:f2:7a:09","55","[TCP Keep-Alive] 1045  >  80 [ACK] Seq=90 Ack=1 Win=64240 Len=1"
"769","561.649539","TCP","00:50:56:f2:7a:09","00:0c:29:7b:a8:da","60","[TCP Keep-Alive ACK] 80  >  1045 [ACK] Seq=1 Ack=91 Win=64240 Len=0"
